inspection_id (PK),track_id (FK),inspection_date,inspection_mode,rail_temperature_celsius,ride_quality_index,source_table,defect_id (PK),inspection_id (FK),defect_type,severity_level,exact_km_post,is_rectified,work_order_id (PK),defect_id (FK),activity_classification,priority,job_status,creation_date,target_completion_date,request_id,asset_id,asset_type,issue_description,reported_by,reported_date,status,assigned_to,scheduled_date,completion_date,remarks,cost_estimate,approval_status,department,section_id,req_duration_min,criticality,days_overdue,traffic_block_req,power_block_req,urgency_score,synergy_candidate,machine_id (PK),machine_name,deployment_id (PK),work_order_id (FK),machine_id (FK),runtime_hours,deployment_date
INSP-001,TRK-MAIN-001,2026-08-01,OMS,35.0,4.2,TMS_track_inspections,,,,,,,,,,,,,,,,,,,,,,,,,,,,,,,,,,,,,,,,,,
INSP-002,TRK-MAIN-002,2026-08-05,TRC,38.0,3.8,TMS_track_inspections,,,,,,,,,,,,,,,,,,,,,,,,,,,,,,,,,,,,,,,,,,
INSP-003,TRK-MAIN-003,2026-08-10,Visual,32.0,4.5,TMS_track_inspections,,,,,,,,,,,,,,,,,,,,,,,,,,,,,,,,,,,,,,,,,,
INSP-004,TRK-MAIN-004,2026-08-12,Visual,34.0,4.1,TMS_track_inspections,,,,,,,,,,,,,,,,,,,,,,,,,,,,,,,,,,,,,,,,,,
INSP-005,TRK-MAIN-005,2026-08-14,TRC,36.0,3.9,TMS_track_inspections,,,,,,,,,,,,,,,,,,,,,,,,,,,,,,,,,,,,,,,,,,
INSP-006,TRK-MAIN-008,2026-08-15,Ultrasonic,31.0,4.6,TMS_track_inspections,,,,,,,,,,,,,,,,,,,,,,,,,,,,,,,,,,,,,,,,,,
INSP-007,TRK-MAIN-011,2026-08-16,Visual,33.0,4.3,TMS_track_inspections,,,,,,,,,,,,,,,,,,,,,,,,,,,,,,,,,,,,,,,,,,
INSP-008,TRK-MAIN-015,2026-08-17,Push Trolley,37.0,3.7,TMS_track_inspections,,,,,,,,,,,,,,,,,,,,,,,,,,,,,,,,,,,,,,,,,,
INSP-009,TRK-MAIN-019,2026-08-18,Ultrasonic,30.0,4.8,TMS_track_inspections,,,,,,,,,,,,,,,,,,,,,,,,,,,,,,,,,,,,,,,,,,
INSP-010,TRK-MAIN-023,2026-08-19,Visual,35.0,4.0,TMS_track_inspections,,,,,,,,,,,,,,,,,,,,,,,,,,,,,,,,,,,,,,,,,,
INSP-011,TRK-MAIN-027,2026-08-20,TRC,38.0,3.6,TMS_track_inspections,,,,,,,,,,,,,,,,,,,,,,,,,,,,,,,,,,,,,,,,,,
INSP-012,TRK-MAIN-031,2026-08-21,Ultrasonic,32.0,4.5,TMS_track_inspections,,,,,,,,,,,,,,,,,,,,,,,,,,,,,,,,,,,,,,,,,,
INSP-013,TRK-MAIN-035,2026-08-22,Visual,34.0,4.2,TMS_track_inspections,,,,,,,,,,,,,,,,,,,,,,,,,,,,,,,,,,,,,,,,,,
INSP-014,TRK-MAIN-036,2026-08-23,Ultrasonic,31.0,3.5,TMS_track_inspections,,,,,,,,,,,,,,,,,,,,,,,,,,,,,,,,,,,,,,,,,,
INSP-015,TRK-MAIN-037,2026-08-24,TRC,33.0,3.8,TMS_track_inspections,,,,,,,,,,,,,,,,,,,,,,,,,,,,,,,,,,,,,,,,,,
INSP-016,TRK-MAIN-038,2026-08-25,Ultrasonic,31.0,4.5,TMS_track_inspections,,,,,,,,,,,,,,,,,,,,,,,,,,,,,,,,,,,,,,,,,,
INSP-017,TRK-MAIN-039,2026-08-26,Ultrasonic,31.0,4.4,TMS_track_inspections,,,,,,,,,,,,,,,,,,,,,,,,,,,,,,,,,,,,,,,,,,
INSP-018,TRK-MAIN-040,2026-08-27,Visual,30.0,3.6,TMS_track_inspections,,,,,,,,,,,,,,,,,,,,,,,,,,,,,,,,,,,,,,,,,,
INSP-019,TRK-MAIN-041,2026-08-28,Visual,38.0,4.4,TMS_track_inspections,,,,,,,,,,,,,,,,,,,,,,,,,,,,,,,,,,,,,,,,,,
INSP-020,TRK-MAIN-042,2026-08-29,Ultrasonic,33.0,4.6,TMS_track_inspections,,,,,,,,,,,,,,,,,,,,,,,,,,,,,,,,,,,,,,,,,,
INSP-021,TRK-MAIN-043,2026-08-30,Ultrasonic,38.0,4.1,TMS_track_inspections,,,,,,,,,,,,,,,,,,,,,,,,,,,,,,,,,,,,,,,,,,
INSP-022,TRK-MAIN-044,2026-08-31,TRC,39.0,3.9,TMS_track_inspections,,,,,,,,,,,,,,,,,,,,,,,,,,,,,,,,,,,,,,,,,,
INSP-023,TRK-MAIN-045,2026-09-01,Visual,32.0,4.5,TMS_track_inspections,,,,,,,,,,,,,,,,,,,,,,,,,,,,,,,,,,,,,,,,,,
INSP-024,TRK-MAIN-046,2026-09-02,TRC,34.0,3.7,TMS_track_inspections,,,,,,,,,,,,,,,,,,,,,,,,,,,,,,,,,,,,,,,,,,
INSP-025,TRK-MAIN-047,2026-09-03,TRC,31.0,3.6,TMS_track_inspections,,,,,,,,,,,,,,,,,,,,,,,,,,,,,,,,,,,,,,,,,,
INSP-026,TRK-MAIN-048,2026-09-04,Visual,35.0,4.8,TMS_track_inspections,,,,,,,,,,,,,,,,,,,,,,,,,,,,,,,,,,,,,,,,,,
,,,,,,TDMS_track_defects,DEF-001,INSP-001,Lateral wear,Critical,12.5,False,,,,,,,,,,,,,,,,,,,,,,,,,,,,,,,,,,,,
,,,,,,TDMS_track_defects,DEF-002,INSP-002,Lateral wear,Low,22.0,True,,,,,,,,,,,,,,,,,,,,,,,,,,,,,,,,,,,,
,,,,,,TDMS_track_defects,DEF-003,INSP-003,Ballast Deficiency,Medium,45.3,False,,,,,,,,,,,,,,,,,,,,,,,,,,,,,,,,,,,,
,,,,,,TDMS_track_defects,DEF-004,INSP-004,Micro-fissure,Low,105.2,False,,,,,,,,,,,,,,,,,,,,,,,,,,,,,,,,,,,,
,,,,,,TDMS_track_defects,DEF-005,INSP-004,Minor Rail Wear,Medium,108.7,False,,,,,,,,,,,,,,,,,,,,,,,,,,,,,,,,,,,,
,,,,,,TDMS_track_defects,DEF-006,INSP-005,Micro-fissure,Critical,118.5,False,,,,,,,,,,,,,,,,,,,,,,,,,,,,,,,,,,,,
,,,,,,TDMS_track_defects,DEF-007,INSP-006,Ballast Contamination,Medium,162.1,False,,,,,,,,,,,,,,,,,,,,,,,,,,,,,,,,,,,,
,,,,,,TDMS_track_defects,DEF-008,INSP-007,Lateral wear,Critical,215.4,False,,,,,,,,,,,,,,,,,,,,,,,,,,,,,,,,,,,,
,,,,,,TDMS_track_defects,DEF-009,INSP-007,Loose Fastening,Low,218.9,False,,,,,,,,,,,,,,,,,,,,,,,,,,,,,,,,,,,,
,,,,,,TDMS_track_defects,DEF-010,INSP-008,Vertical wear,High,275.6,False,,,,,,,,,,,,,,,,,,,,,,,,,,,,,,,,,,,,
,,,,,,TDMS_track_defects,DEF-011,INSP-009,Minor Rail Wear,Low,340.1,False,,,,,,,,,,,,,,,,,,,,,,,,,,,,,,,,,,,,
,,,,,,TDMS_track_defects,DEF-012,INSP-010,Lateral wear,Medium,395.8,False,,,,,,,,,,,,,,,,,,,,,,,,,,,,,,,,,,,,
,,,,,,TDMS_track_defects,DEF-013,INSP-010,Sleepers Damaged,High,398.2,False,,,,,,,,,,,,,,,,,,,,,,,,,,,,,,,,,,,,
,,,,,,TDMS_track_defects,DEF-014,INSP-011,Weld Failure,High,460.5,False,,,,,,,,,,,,,,,,,,,,,,,,,,,,,,,,,,,,
,,,,,,TDMS_track_defects,DEF-015,INSP-012,Loose Fastening,Low,520.3,False,,,,,,,,,,,,,,,,,,,,,,,,,,,,,,,,,,,,
,,,,,,TDMS_track_defects,DEF-016,INSP-012,Minor Rail Wear,Medium,522.7,False,,,,,,,,,,,,,,,,,,,,,,,,,,,,,,,,,,,,
,,,,,,TDMS_track_defects,DEF-017,INSP-013,Ballast Contamination,Medium,585.1,False,,,,,,,,,,,,,,,,,,,,,,,,,,,,,,,,,,,,
,,,,,,TDMS_track_defects,DEF-018,INSP-013,Rail Fracture,High,588.9,False,,,,,,,,,,,,,,,,,,,,,,,,,,,,,,,,,,,,
,,,,,,TDMS_track_defects,DEF-019,INSP-021,Missing Fastening,Low,1114.9,True,,,,,,,,,,,,,,,,,,,,,,,,,,,,,,,,,,,,
,,,,,,TDMS_track_defects,DEF-020,INSP-008,Ballast Deficiency,High,162.7,True,,,,,,,,,,,,,,,,,,,,,,,,,,,,,,,,,,,,
,,,,,,TDMS_track_defects,DEF-021,INSP-019,Ballast Contamination,Low,54.4,True,,,,,,,,,,,,,,,,,,,,,,,,,,,,,,,,,,,,
,,,,,,TDMS_track_defects,DEF-022,INSP-008,Rail Fracture,High,306.3,False,,,,,,,,,,,,,,,,,,,,,,,,,,,,,,,,,,,,
,,,,,,TDMS_track_defects,DEF-023,INSP-008,Sleepers Damaged,High,424.5,True,,,,,,,,,,,,,,,,,,,,,,,,,,,,,,,,,,,,
,,,,,,TDMS_track_defects,DEF-024,INSP-025,Ballast Deficiency,High,639.7,False,,,,,,,,,,,,,,,,,,,,,,,,,,,,,,,,,,,,
,,,,,,TDMS_track_defects,DEF-025,INSP-005,Loose Fastening,Medium,162.3,False,,,,,,,,,,,,,,,,,,,,,,,,,,,,,,,,,,,,
,,,,,,TDMS_track_defects,DEF-026,INSP-004,Weld Failure,Medium,909.6,True,,,,,,,,,,,,,,,,,,,,,,,,,,,,,,,,,,,,
,,,,,,TDMS_track_defects,DEF-027,INSP-024,Sleepers Damaged,High,196.0,False,,,,,,,,,,,,,,,,,,,,,,,,,,,,,,,,,,,,
,,,,,,TDMS_track_defects,DEF-028,INSP-003,Minor Rail Wear,High,931.6,False,,,,,,,,,,,,,,,,,,,,,,,,,,,,,,,,,,,,
,,,,,,TDMS_track_defects,DEF-029,INSP-019,Loose Fastening,High,113.6,True,,,,,,,,,,,,,,,,,,,,,,,,,,,,,,,,,,,,
,,,,,,TDMS_track_defects,DEF-030,INSP-025,Minor Rail Wear,Low,1284.4,True,,,,,,,,,,,,,,,,,,,,,,,,,,,,,,,,,,,,
,,,,,,TDMS_track_defects,DEF-031,INSP-013,Minor Rail Wear,Medium,957.2,False,,,,,,,,,,,,,,,,,,,,,,,,,,,,,,,,,,,,
,,,,,,TDMS_track_defects,DEF-032,INSP-006,Weld Failure,Medium,322.2,False,,,,,,,,,,,,,,,,,,,,,,,,,,,,,,,,,,,,
,,,,,,TDMS_track_defects,DEF-033,INSP-023,Missing Fastening,High,956.1,True,,,,,,,,,,,,,,,,,,,,,,,,,,,,,,,,,,,,
,,,,,,TDMS_track_defects,DEF-034,INSP-006,Sleepers Damaged,Medium,412.2,True,,,,,,,,,,,,,,,,,,,,,,,,,,,,,,,,,,,,
,,,,,,TDMS_track_defects,DEF-035,INSP-022,Weld Failure,Low,351.3,True,,,,,,,,,,,,,,,,,,,,,,,,,,,,,,,,,,,,
,,,,,,TDMS_track_defects,DEF-036,INSP-026,Weld Failure,Medium,408.9,True,,,,,,,,,,,,,,,,,,,,,,,,,,,,,,,,,,,,
,,,,,,TDMS_track_defects,DEF-037,INSP-019,Weld Failure,Low,986.6,False,,,,,,,,,,,,,,,,,,,,,,,,,,,,,,,,,,,,
,,,,,,TDMS_track_defects,DEF-038,INSP-021,Sleepers Damaged,Low,404.7,True,,,,,,,,,,,,,,,,,,,,,,,,,,,,,,,,,,,,
,,,,,,TDMS_track_defects,DEF-039,INSP-024,Minor Rail Wear,High,881.0,False,,,,,,,,,,,,,,,,,,,,,,,,,,,,,,,,,,,,
,,,,,,TDMS_track_defects,DEF-040,INSP-012,Loose Fastening,Low,769.2,True,,,,,,,,,,,,,,,,,,,,,,,,,,,,,,,,,,,,
,,,,,,TDMS_track_defects,DEF-041,INSP-025,Rail Fracture,Low,237.7,True,,,,,,,,,,,,,,,,,,,,,,,,,,,,,,,,,,,,
,,,,,,TDMS_track_defects,DEF-042,INSP-026,Ballast Contamination,High,104.7,False,,,,,,,,,,,,,,,,,,,,,,,,,,,,,,,,,,,,
,,,,,,TDMS_track_defects,DEF-043,INSP-020,Sleepers Damaged,High,384.6,True,,,,,,,,,,,,,,,,,,,,,,,,,,,,,,,,,,,,
,,,,,,TDMS_track_defects,DEF-044,INSP-022,Missing Fastening,High,1328.3,False,,,,,,,,,,,,,,,,,,,,,,,,,,,,,,,,,,,,
,,,,,,TDMS_track_defects,DEF-045,INSP-025,Weld Failure,Low,447.3,True,,,,,,,,,,,,,,,,,,,,,,,,,,,,,,,,,,,,
,,,,,,TDMS_track_defects,DEF-046,INSP-015,Rail Fracture,High,1315.0,False,,,,,,,,,,,,,,,,,,,,,,,,,,,,,,,,,,,,
,,,,,,TDMS_track_defects,DEF-047,INSP-017,Ballast Deficiency,High,1369.8,False,,,,,,,,,,,,,,,,,,,,,,,,,,,,,,,,,,,,
,,,,,,TDMS_track_defects,DEF-048,INSP-021,Loose Fastening,Low,567.1,True,,,,,,,,,,,,,,,,,,,,,,,,,,,,,,,,,,,,
,,,,,,TDMS_track_defects,DEF-049,INSP-018,Rail Fracture,High,493.0,True,,,,,,,,,,,,,,,,,,,,,,,,,,,,,,,,,,,,
,,,,,,TDMS_track_defects,,,,,,False,,,,,,,,,,,,,,,,,,,,,,,,,,,,,,,,,,,,
,,,,,,TDMS_track_defects,,,,,,False,,,,,,,,,,,,,,,,,,,,,,,,,,,,,,,,,,,,
,,,,,,TDMS_track_defects,,,,,,False,,,,,,,,,,,,,,,,,,,,,,,,,,,,,,,,,,,,
,,,,,,TDMS_track_defects,,,,,,False,,,,,,,,,,,,,,,,,,,,,,,,,,,,,,,,,,,,
,,,,,,TDMS_track_defects,,,,,,False,,,,,,,,,,,,,,,,,,,,,,,,,,,,,,,,,,,,
,,,,,,TDMS_track_defects,,,,,,False,,,,,,,,,,,,,,,,,,,,,,,,,,,,,,,,,,,,
,,,,,,TDMS_track_defects,,,,,,False,,,,,,,,,,,,,,,,,,,,,,,,,,,,,,,,,,,,
,,,,,,TDMS_track_defects,,,,,,False,,,,,,,,,,,,,,,,,,,,,,,,,,,,,,,,,,,,
,,,,,,TDMS_track_defects,,,,,,False,,,,,,,,,,,,,,,,,,,,,,,,,,,,,,,,,,,,
,,,,,,TDMS_track_defects,,,,,,False,,,,,,,,,,,,,,,,,,,,,,,,,,,,,,,,,,,,
,,,,,,TDMS_track_defects,,,,,,False,,,,,,,,,,,,,,,,,,,,,,,,,,,,,,,,,,,,
,,,,,,TDMS_track_defects,,,,,,False,,,,,,,,,,,,,,,,,,,,,,,,,,,,,,,,,,,,
,,,,,,TDMS_track_defects,,,,,,False,,,,,,,,,,,,,,,,,,,,,,,,,,,,,,,,,,,,
,,,,,,TDMS_track_defects,,,,,,False,,,,,,,,,,,,,,,,,,,,,,,,,,,,,,,,,,,,
,,,,,,TDMS_track_defects,,,,,,False,,,,,,,,,,,,,,,,,,,,,,,,,,,,,,,,,,,,
,,,,,,TDMS_track_defects,,,,,,False,,,,,,,,,,,,,,,,,,,,,,,,,,,,,,,,,,,,
,,,,,,TDMS_track_defects,,,,,,False,,,,,,,,,,,,,,,,,,,,,,,,,,,,,,,,,,,,
,,,,,,TDMS_track_defects,,,,,,False,,,,,,,,,,,,,,,,,,,,,,,,,,,,,,,,,,,,
,,,,,,TDMS_track_defects,,,,,,False,,,,,,,,,,,,,,,,,,,,,,,,,,,,,,,,,,,,
,,,,,,TDMS_track_defects,,,,,,False,,,,,,,,,,,,,,,,,,,,,,,,,,,,,,,,,,,,
,,,,,,TDMS_track_defects,,,,,,False,,,,,,,,,,,,,,,,,,,,,,,,,,,,,,,,,,,,
,,,,,,TDMS_track_defects,,,,,,False,,,,,,,,,,,,,,,,,,,,,,,,,,,,,,,,,,,,
,,,,,,TDMS_track_defects,,,,,,False,,,,,,,,,,,,,,,,,,,,,,,,,,,,,,,,,,,,
,,,,,,TDMS_track_defects,,,,,,False,,,,,,,,,,,,,,,,,,,,,,,,,,,,,,,,,,,,
,,,,,,TDMS_track_defects,,,,,,False,,,,,,,,,,,,,,,,,,,,,,,,,,,,,,,,,,,,
,,,,,,TDMS_track_defects,,,,,,False,,,,,,,,,,,,,,,,,,,,,,,,,,,,,,,,,,,,
,,,,,,TDMS_track_defects,,,,,,False,,,,,,,,,,,,,,,,,,,,,,,,,,,,,,,,,,,,
,,,,,,TDMS_track_defects,,,,,,False,,,,,,,,,,,,,,,,,,,,,,,,,,,,,,,,,,,,
,,,,,,TDMS_track_defects,,,,,,False,,,,,,,,,,,,,,,,,,,,,,,,,,,,,,,,,,,,
,,,,,,TDMS_track_defects,,,,,,False,,,,,,,,,,,,,,,,,,,,,,,,,,,,,,,,,,,,
,,,,,,TDMS_track_defects,,,,,,False,,,,,,,,,,,,,,,,,,,,,,,,,,,,,,,,,,,,
,,,,,,TDMS_track_defects,,,,,,False,,,,,,,,,,,,,,,,,,,,,,,,,,,,,,,,,,,,
,,,,,,TDMS_track_defects,,,,,,False,,,,,,,,,,,,,,,,,,,,,,,,,,,,,,,,,,,,
,,,,,,TDMS_track_defects,,,,,,False,,,,,,,,,,,,,,,,,,,,,,,,,,,,,,,,,,,,
,,,,,,TDMS_track_defects,,,,,,False,,,,,,,,,,,,,,,,,,,,,,,,,,,,,,,,,,,,
,,,,,,TDMS_track_defects,,,,,,False,,,,,,,,,,,,,,,,,,,,,,,,,,,,,,,,,,,,
,,,,,,TDMS_track_defects,,,,,,False,,,,,,,,,,,,,,,,,,,,,,,,,,,,,,,,,,,,
,,,,,,TDMS_track_defects,,,,,,False,,,,,,,,,,,,,,,,,,,,,,,,,,,,,,,,,,,,
,,,,,,TDMS_track_defects,,,,,,False,,,,,,,,,,,,,,,,,,,,,,,,,,,,,,,,,,,,
,,,,,,TDMS_track_defects,,,,,,False,,,,,,,,,,,,,,,,,,,,,,,,,,,,,,,,,,,,
,,,,,,TDMS_track_defects,,,,,,False,,,,,,,,,,,,,,,,,,,,,,,,,,,,,,,,,,,,
,,,,,,TDMS_track_defects,,,,,,False,,,,,,,,,,,,,,,,,,,,,,,,,,,,,,,,,,,,
,,,,,,TDMS_track_defects,,,,,,False,,,,,,,,,,,,,,,,,,,,,,,,,,,,,,,,,,,,
,,,,,,TDMS_track_defects,,,,,,False,,,,,,,,,,,,,,,,,,,,,,,,,,,,,,,,,,,,
,,,,,,TDMS_track_defects,,,,,,False,,,,,,,,,,,,,,,,,,,,,,,,,,,,,,,,,,,,
,,,,,,TDMS_track_defects,,,,,,False,,,,,,,,,,,,,,,,,,,,,,,,,,,,,,,,,,,,
,,,,,,TDMS_track_defects,,,,,,False,,,,,,,,,,,,,,,,,,,,,,,,,,,,,,,,,,,,
,,,,,,TDMS_track_defects,,,,,,False,,,,,,,,,,,,,,,,,,,,,,,,,,,,,,,,,,,,
,,,,,,TDMS_track_defects,,,,,,False,,,,,,,,,,,,,,,,,,,,,,,,,,,,,,,,,,,,
,,,,,,TDMS_track_defects,,,,,,False,,,,,,,,,,,,,,,,,,,,,,,,,,,,,,,,,,,,
,,,,,,TDMS_track_defects,,,,,,False,,,,,,,,,,,,,,,,,,,,,,,,,,,,,,,,,,,,
,,,,,,TDMS_track_defects,,,,,,False,,,,,,,,,,,,,,,,,,,,,,,,,,,,,,,,,,,,
,,,,,,TDMS_track_defects,,,,,,False,,,,,,,,,,,,,,,,,,,,,,,,,,,,,,,,,,,,
,,,,,,TDMS_track_defects,,,,,,False,,,,,,,,,,,,,,,,,,,,,,,,,,,,,,,,,,,,
,,,,,,TDMS_track_defects,,,,,,False,,,,,,,,,,,,,,,,,,,,,,,,,,,,,,,,,,,,
,,,,,,TDMS_track_defects,,,,,,False,,,,,,,,,,,,,,,,,,,,,,,,,,,,,,,,,,,,
,,,,,,TDMS_track_defects,,,,,,False,,,,,,,,,,,,,,,,,,,,,,,,,,,,,,,,,,,,
,,,,,,TDMS_track_defects,,,,,,False,,,,,,,,,,,,,,,,,,,,,,,,,,,,,,,,,,,,
,,,,,,TDMS_track_defects,,,,,,False,,,,,,,,,,,,,,,,,,,,,,,,,,,,,,,,,,,,
,,,,,,TDMS_track_defects,,,,,,False,,,,,,,,,,,,,,,,,,,,,,,,,,,,,,,,,,,,
,,,,,,TDMS_track_defects,,,,,,False,,,,,,,,,,,,,,,,,,,,,,,,,,,,,,,,,,,,
,,,,,,TDMS_track_defects,,,,,,False,,,,,,,,,,,,,,,,,,,,,,,,,,,,,,,,,,,,
,,,,,,TDMS_track_defects,,,,,,False,,,,,,,,,,,,,,,,,,,,,,,,,,,,,,,,,,,,
,,,,,,TDMS_track_defects,,,,,,False,,,,,,,,,,,,,,,,,,,,,,,,,,,,,,,,,,,,
,,,,,,TDMS_track_defects,,,,,,False,,,,,,,,,,,,,,,,,,,,,,,,,,,,,,,,,,,,
,,,,,,TDMS_track_defects,,,,,,False,,,,,,,,,,,,,,,,,,,,,,,,,,,,,,,,,,,,
,,,,,,TDMS_track_defects,,,,,,False,,,,,,,,,,,,,,,,,,,,,,,,,,,,,,,,,,,,
,,,,,,TDMS_track_defects,,,,,,False,,,,,,,,,,,,,,,,,,,,,,,,,,,,,,,,,,,,
,,,,,,TDMS_track_defects,,,,,,False,,,,,,,,,,,,,,,,,,,,,,,,,,,,,,,,,,,,
,,,,,,TDMS_track_defects,,,,,,False,,,,,,,,,,,,,,,,,,,,,,,,,,,,,,,,,,,,
,,,,,,TDMS_track_defects,,,,,,False,,,,,,,,,,,,,,,,,,,,,,,,,,,,,,,,,,,,
,,,,,,TDMS_track_defects,,,,,,False,,,,,,,,,,,,,,,,,,,,,,,,,,,,,,,,,,,,
,,,,,,TDMS_track_defects,,,,,,False,,,,,,,,,,,,,,,,,,,,,,,,,,,,,,,,,,,,
,,,,,,TDMS_track_defects,,,,,,False,,,,,,,,,,,,,,,,,,,,,,,,,,,,,,,,,,,,
,,,,,,TDMS_track_defects,,,,,,False,,,,,,,,,,,,,,,,,,,,,,,,,,,,,,,,,,,,
,,,,,,TDMS_track_defects,,,,,,False,,,,,,,,,,,,,,,,,,,,,,,,,,,,,,,,,,,,
,,,,,,TDMS_track_defects,,,,,,False,,,,,,,,,,,,,,,,,,,,,,,,,,,,,,,,,,,,
,,,,,,TDMS_track_defects,,,,,,False,,,,,,,,,,,,,,,,,,,,,,,,,,,,,,,,,,,,
,,,,,,TDMS_track_defects,,,,,,False,,,,,,,,,,,,,,,,,,,,,,,,,,,,,,,,,,,,
,,,,,,TDMS_track_defects,,,,,,False,,,,,,,,,,,,,,,,,,,,,,,,,,,,,,,,,,,,
,,,,,,TDMS_track_defects,,,,,,False,,,,,,,,,,,,,,,,,,,,,,,,,,,,,,,,,,,,
,,,,,,TDMS_track_defects,,,,,,False,,,,,,,,,,,,,,,,,,,,,,,,,,,,,,,,,,,,
,,,,,,TDMS_track_defects,,,,,,False,,,,,,,,,,,,,,,,,,,,,,,,,,,,,,,,,,,,
,,,,,,TDMS_track_defects,,,,,,False,,,,,,,,,,,,,,,,,,,,,,,,,,,,,,,,,,,,
,,,,,,TDMS_track_defects,,,,,,False,,,,,,,,,,,,,,,,,,,,,,,,,,,,,,,,,,,,
,,,,,,TDMS_track_defects,,,,,,False,,,,,,,,,,,,,,,,,,,,,,,,,,,,,,,,,,,,
,,,,,,TDMS_track_defects,,,,,,False,,,,,,,,,,,,,,,,,,,,,,,,,,,,,,,,,,,,
,,,,,,TDMS_track_defects,,,,,,False,,,,,,,,,,,,,,,,,,,,,,,,,,,,,,,,,,,,
,,,,,,TDMS_track_defects,,,,,,False,,,,,,,,,,,,,,,,,,,,,,,,,,,,,,,,,,,,
,,,,,,TDMS_track_defects,,,,,,False,,,,,,,,,,,,,,,,,,,,,,,,,,,,,,,,,,,,
,,,,,,TDMS_track_defects,,,,,,False,,,,,,,,,,,,,,,,,,,,,,,,,,,,,,,,,,,,
,,,,,,TDMS_track_defects,,,,,,False,,,,,,,,,,,,,,,,,,,,,,,,,,,,,,,,,,,,
,,,,,,TDMS_track_defects,,,,,,False,,,,,,,,,,,,,,,,,,,,,,,,,,,,,,,,,,,,
,,,,,,TDMS_track_defects,,,,,,False,,,,,,,,,,,,,,,,,,,,,,,,,,,,,,,,,,,,
,,,,,,TDMS_track_defects,,,,,,False,,,,,,,,,,,,,,,,,,,,,,,,,,,,,,,,,,,,
,,,,,,TDMS_track_defects,,,,,,False,,,,,,,,,,,,,,,,,,,,,,,,,,,,,,,,,,,,
,,,,,,TDMS_track_defects,,,,,,False,,,,,,,,,,,,,,,,,,,,,,,,,,,,,,,,,,,,
,,,,,,TDMS_track_defects,,,,,,False,,,,,,,,,,,,,,,,,,,,,,,,,,,,,,,,,,,,
,,,,,,TDMS_track_defects,,,,,,False,,,,,,,,,,,,,,,,,,,,,,,,,,,,,,,,,,,,
,,,,,,TDMS_track_defects,,,,,,False,,,,,,,,,,,,,,,,,,,,,,,,,,,,,,,,,,,,
,,,,,,TDMS_track_defects,,,,,,False,,,,,,,,,,,,,,,,,,,,,,,,,,,,,,,,,,,,
,,,,,,TDMS_track_defects,,,,,,False,,,,,,,,,,,,,,,,,,,,,,,,,,,,,,,,,,,,
,,,,,,TDMS_track_defects,,,,,,False,,,,,,,,,,,,,,,,,,,,,,,,,,,,,,,,,,,,
,,,,,,TDMS_track_defects,,,,,,False,,,,,,,,,,,,,,,,,,,,,,,,,,,,,,,,,,,,
,,,,,,TDMS_track_defects,,,,,,False,,,,,,,,,,,,,,,,,,,,,,,,,,,,,,,,,,,,
,,,,,,TDMS_track_defects,,,,,,False,,,,,,,,,,,,,,,,,,,,,,,,,,,,,,,,,,,,
,,,,,,TDMS_track_defects,,,,,,False,,,,,,,,,,,,,,,,,,,,,,,,,,,,,,,,,,,,
,,,,,,TDMS_track_defects,,,,,,False,,,,,,,,,,,,,,,,,,,,,,,,,,,,,,,,,,,,
,,,,,,TDMS_track_defects,,,,,,False,,,,,,,,,,,,,,,,,,,,,,,,,,,,,,,,,,,,
,,,,,,TDMS_track_defects,,,,,,False,,,,,,,,,,,,,,,,,,,,,,,,,,,,,,,,,,,,
,,,,,,TDMS_track_defects,,,,,,False,,,,,,,,,,,,,,,,,,,,,,,,,,,,,,,,,,,,
,,,,,,TDMS_track_defects,,,,,,False,,,,,,,,,,,,,,,,,,,,,,,,,,,,,,,,,,,,
,,,,,,TDMS_track_defects,,,,,,False,,,,,,,,,,,,,,,,,,,,,,,,,,,,,,,,,,,,
,,,,,,TDMS_track_defects,,,,,,False,,,,,,,,,,,,,,,,,,,,,,,,,,,,,,,,,,,,
,,,,,,TDMS_track_defects,,,,,,False,,,,,,,,,,,,,,,,,,,,,,,,,,,,,,,,,,,,
,,,,,,TDMS_track_defects,,,,,,False,,,,,,,,,,,,,,,,,,,,,,,,,,,,,,,,,,,,
,,,,,,TDMS_track_defects,,,,,,False,,,,,,,,,,,,,,,,,,,,,,,,,,,,,,,,,,,,
,,,,,,TDMS_track_defects,,,,,,False,,,,,,,,,,,,,,,,,,,,,,,,,,,,,,,,,,,,
,,,,,,TDMS_track_defects,,,,,,False,,,,,,,,,,,,,,,,,,,,,,,,,,,,,,,,,,,,
,,,,,,TDMS_track_defects,,,,,,False,,,,,,,,,,,,,,,,,,,,,,,,,,,,,,,,,,,,
,,,,,,TDMS_track_defects,,,,,,False,,,,,,,,,,,,,,,,,,,,,,,,,,,,,,,,,,,,
,,,,,,TDMS_track_defects,,,,,,False,,,,,,,,,,,,,,,,,,,,,,,,,,,,,,,,,,,,
,,,,,,TDMS_track_defects,,,,,,False,,,,,,,,,,,,,,,,,,,,,,,,,,,,,,,,,,,,
,,,,,,TDMS_track_defects,,,,,,False,,,,,,,,,,,,,,,,,,,,,,,,,,,,,,,,,,,,
,,,,,,TDMS_track_defects,,,,,,False,,,,,,,,,,,,,,,,,,,,,,,,,,,,,,,,,,,,
,,,,,,TDMS_track_defects,,,,,,False,,,,,,,,,,,,,,,,,,,,,,,,,,,,,,,,,,,,
,,,,,,TDMS_track_defects,,,,,,False,,,,,,,,,,,,,,,,,,,,,,,,,,,,,,,,,,,,
,,,,,,TDMS_track_defects,,,,,,False,,,,,,,,,,,,,,,,,,,,,,,,,,,,,,,,,,,,
,,,,,,TDMS_track_defects,,,,,,False,,,,,,,,,,,,,,,,,,,,,,,,,,,,,,,,,,,,
,,,,,,TDMS_track_defects,,,,,,False,,,,,,,,,,,,,,,,,,,,,,,,,,,,,,,,,,,,
,,,,,,TDMS_track_defects,,,,,,False,,,,,,,,,,,,,,,,,,,,,,,,,,,,,,,,,,,,
,,,,,,TDMS_track_defects,,,,,,False,,,,,,,,,,,,,,,,,,,,,,,,,,,,,,,,,,,,
,,,,,,TDMS_track_defects,,,,,,False,,,,,,,,,,,,,,,,,,,,,,,,,,,,,,,,,,,,
,,,,,,TDMS_track_defects,,,,,,False,,,,,,,,,,,,,,,,,,,,,,,,,,,,,,,,,,,,
,,,,,,TDMS_track_defects,,,,,,False,,,,,,,,,,,,,,,,,,,,,,,,,,,,,,,,,,,,
,,,,,,TDMS_track_defects,,,,,,False,,,,,,,,,,,,,,,,,,,,,,,,,,,,,,,,,,,,
,,,,,,TDMS_track_defects,,,,,,False,,,,,,,,,,,,,,,,,,,,,,,,,,,,,,,,,,,,
,,,,,,TDMS_track_defects,,,,,,False,,,,,,,,,,,,,,,,,,,,,,,,,,,,,,,,,,,,
,,,,,,TDMS_track_defects,,,,,,False,,,,,,,,,,,,,,,,,,,,,,,,,,,,,,,,,,,,
,,,,,,TDMS_track_defects,,,,,,False,,,,,,,,,,,,,,,,,,,,,,,,,,,,,,,,,,,,
,,,,,,TDMS_track_defects,,,,,,False,,,,,,,,,,,,,,,,,,,,,,,,,,,,,,,,,,,,
,,,,,,TDMS_track_defects,,,,,,False,,,,,,,,,,,,,,,,,,,,,,,,,,,,,,,,,,,,
,,,,,,TDMS_track_defects,,,,,,False,,,,,,,,,,,,,,,,,,,,,,,,,,,,,,,,,,,,
,,,,,,TDMS_track_defects,,,,,,False,,,,,,,,,,,,,,,,,,,,,,,,,,,,,,,,,,,,
,,,,,,TDMS_track_defects,,,,,,False,,,,,,,,,,,,,,,,,,,,,,,,,,,,,,,,,,,,
,,,,,,TDMS_track_defects,,,,,,False,,,,,,,,,,,,,,,,,,,,,,,,,,,,,,,,,,,,
,,,,,,TDMS_track_defects,,,,,,False,,,,,,,,,,,,,,,,,,,,,,,,,,,,,,,,,,,,
,,,,,,TDMS_track_defects,,,,,,False,,,,,,,,,,,,,,,,,,,,,,,,,,,,,,,,,,,,
,,,,,,TDMS_track_defects,,,,,,False,,,,,,,,,,,,,,,,,,,,,,,,,,,,,,,,,,,,
,,,,,,TDMS_track_defects,,,,,,False,,,,,,,,,,,,,,,,,,,,,,,,,,,,,,,,,,,,
,,,,,,TDMS_track_defects,,,,,,False,,,,,,,,,,,,,,,,,,,,,,,,,,,,,,,,,,,,
,,,,,,TDMS_track_defects,,,,,,False,,,,,,,,,,,,,,,,,,,,,,,,,,,,,,,,,,,,
,,,,,,TDMS_track_defects,,,,,,False,,,,,,,,,,,,,,,,,,,,,,,,,,,,,,,,,,,,
,,,,,,TDMS_track_defects,,,,,,False,,,,,,,,,,,,,,,,,,,,,,,,,,,,,,,,,,,,
,,,,,,TDMS_track_defects,,,,,,False,,,,,,,,,,,,,,,,,,,,,,,,,,,,,,,,,,,,
,,,,,,TDMS_track_defects,,,,,,False,,,,,,,,,,,,,,,,,,,,,,,,,,,,,,,,,,,,
,,,,,,TDMS_track_defects,,,,,,False,,,,,,,,,,,,,,,,,,,,,,,,,,,,,,,,,,,,
,,,,,,TDMS_track_defects,,,,,,False,,,,,,,,,,,,,,,,,,,,,,,,,,,,,,,,,,,,
,,,,,,TDMS_track_defects,,,,,,False,,,,,,,,,,,,,,,,,,,,,,,,,,,,,,,,,,,,
,,,,,,TDMS_track_defects,,,,,,False,,,,,,,,,,,,,,,,,,,,,,,,,,,,,,,,,,,,
,,,,,,TDMS_track_defects,,,,,,False,,,,,,,,,,,,,,,,,,,,,,,,,,,,,,,,,,,,
,,,,,,TDMS_track_defects,,,,,,False,,,,,,,,,,,,,,,,,,,,,,,,,,,,,,,,,,,,
,,,,,,TDMS_track_defects,,,,,,False,,,,,,,,,,,,,,,,,,,,,,,,,,,,,,,,,,,,
,,,,,,TDMS_track_defects,,,,,,False,,,,,,,,,,,,,,,,,,,,,,,,,,,,,,,,,,,,
,,,,,,TDMS_track_defects,,,,,,False,,,,,,,,,,,,,,,,,,,,,,,,,,,,,,,,,,,,
,,,,,,TDMS_track_defects,,,,,,False,,,,,,,,,,,,,,,,,,,,,,,,,,,,,,,,,,,,
,,,,,,TDMS_track_defects,,,,,,False,,,,,,,,,,,,,,,,,,,,,,,,,,,,,,,,,,,,
,,,,,,TDMS_track_defects,,,,,,False,,,,,,,,,,,,,,,,,,,,,,,,,,,,,,,,,,,,
,,,,,,TDMS_track_defects,,,,,,False,,,,,,,,,,,,,,,,,,,,,,,,,,,,,,,,,,,,
,,,,,,TDMS_track_defects,,,,,,False,,,,,,,,,,,,,,,,,,,,,,,,,,,,,,,,,,,,
,,,,,,TDMS_track_defects,,,,,,False,,,,,,,,,,,,,,,,,,,,,,,,,,,,,,,,,,,,
,,,,,,TDMS_track_defects,,,,,,False,,,,,,,,,,,,,,,,,,,,,,,,,,,,,,,,,,,,
,,,,,,TDMS_track_defects,,,,,,False,,,,,,,,,,,,,,,,,,,,,,,,,,,,,,,,,,,,
,,,,,,TDMS_track_defects,,,,,,False,,,,,,,,,,,,,,,,,,,,,,,,,,,,,,,,,,,,
,,,,,,TDMS_track_defects,,,,,,False,,,,,,,,,,,,,,,,,,,,,,,,,,,,,,,,,,,,
,,,,,,TDMS_track_defects,,,,,,False,,,,,,,,,,,,,,,,,,,,,,,,,,,,,,,,,,,,
,,,,,,TDMS_track_defects,,,,,,False,,,,,,,,,,,,,,,,,,,,,,,,,,,,,,,,,,,,
,,,,,,TDMS_track_defects,,,,,,False,,,,,,,,,,,,,,,,,,,,,,,,,,,,,,,,,,,,
,,,,,,TDMS_track_defects,,,,,,False,,,,,,,,,,,,,,,,,,,,,,,,,,,,,,,,,,,,
,,,,,,TDMS_track_defects,,,,,,False,,,,,,,,,,,,,,,,,,,,,,,,,,,,,,,,,,,,
,,,,,,TDMS_track_defects,,,,,,False,,,,,,,,,,,,,,,,,,,,,,,,,,,,,,,,,,,,
,,,,,,TDMS_track_defects,,,,,,False,,,,,,,,,,,,,,,,,,,,,,,,,,,,,,,,,,,,
,,,,,,TDMS_track_defects,,,,,,False,,,,,,,,,,,,,,,,,,,,,,,,,,,,,,,,,,,,
,,,,,,TDMS_track_defects,,,,,,False,,,,,,,,,,,,,,,,,,,,,,,,,,,,,,,,,,,,
,,,,,,TDMS_track_defects,,,,,,False,,,,,,,,,,,,,,,,,,,,,,,,,,,,,,,,,,,,
,,,,,,TDMS_track_defects,,,,,,False,,,,,,,,,,,,,,,,,,,,,,,,,,,,,,,,,,,,
,,,,,,TDMS_track_defects,,,,,,False,,,,,,,,,,,,,,,,,,,,,,,,,,,,,,,,,,,,
,,,,,,TDMS_track_defects,,,,,,False,,,,,,,,,,,,,,,,,,,,,,,,,,,,,,,,,,,,
,,,,,,TDMS_track_defects,,,,,,False,,,,,,,,,,,,,,,,,,,,,,,,,,,,,,,,,,,,
,,,,,,TDMS_track_defects,,,,,,False,,,,,,,,,,,,,,,,,,,,,,,,,,,,,,,,,,,,
,,,,,,TDMS_track_defects,,,,,,False,,,,,,,,,,,,,,,,,,,,,,,,,,,,,,,,,,,,
,,,,,,TDMS_track_defects,,,,,,False,,,,,,,,,,,,,,,,,,,,,,,,,,,,,,,,,,,,
,,,,,,TDMS_track_defects,,,,,,False,,,,,,,,,,,,,,,,,,,,,,,,,,,,,,,,,,,,
,,,,,,TDMS_track_defects,,,,,,False,,,,,,,,,,,,,,,,,,,,,,,,,,,,,,,,,,,,
,,,,,,TDMS_track_defects,,,,,,False,,,,,,,,,,,,,,,,,,,,,,,,,,,,,,,,,,,,
,,,,,,TDMS_track_defects,,,,,,False,,,,,,,,,,,,,,,,,,,,,,,,,,,,,,,,,,,,
,,,,,,TDMS_track_defects,,,,,,False,,,,,,,,,,,,,,,,,,,,,,,,,,,,,,,,,,,,
,,,,,,TDMS_track_defects,,,,,,False,,,,,,,,,,,,,,,,,,,,,,,,,,,,,,,,,,,,
,,,,,,TDMS_track_defects,,,,,,False,,,,,,,,,,,,,,,,,,,,,,,,,,,,,,,,,,,,
,,,,,,TDMS_track_defects,,,,,,False,,,,,,,,,,,,,,,,,,,,,,,,,,,,,,,,,,,,
,,,,,,TDMS_track_defects,,,,,,False,,,,,,,,,,,,,,,,,,,,,,,,,,,,,,,,,,,,
,,,,,,TDMS_track_defects,,,,,,False,,,,,,,,,,,,,,,,,,,,,,,,,,,,,,,,,,,,
,,,,,,TDMS_track_defects,,,,,,False,,,,,,,,,,,,,,,,,,,,,,,,,,,,,,,,,,,,
,,,,,,TDMS_track_defects,,,,,,False,,,,,,,,,,,,,,,,,,,,,,,,,,,,,,,,,,,,
,,,,,,TDMS_track_defects,,,,,,False,,,,,,,,,,,,,,,,,,,,,,,,,,,,,,,,,,,,
,,,,,,TDMS_track_defects,,,,,,False,,,,,,,,,,,,,,,,,,,,,,,,,,,,,,,,,,,,
,,,,,,TDMS_track_defects,,,,,,False,,,,,,,,,,,,,,,,,,,,,,,,,,,,,,,,,,,,
,,,,,,TDMS_track_defects,,,,,,False,,,,,,,,,,,,,,,,,,,,,,,,,,,,,,,,,,,,
,,,,,,TDMS_track_defects,,,,,,False,,,,,,,,,,,,,,,,,,,,,,,,,,,,,,,,,,,,
,,,,,,TDMS_track_defects,,,,,,False,,,,,,,,,,,,,,,,,,,,,,,,,,,,,,,,,,,,
,,,,,,TDMS_track_defects,,,,,,False,,,,,,,,,,,,,,,,,,,,,,,,,,,,,,,,,,,,
,,,,,,TDMS_track_defects,,,,,,False,,,,,,,,,,,,,,,,,,,,,,,,,,,,,,,,,,,,
,,,,,,TDMS_track_defects,,,,,,False,,,,,,,,,,,,,,,,,,,,,,,,,,,,,,,,,,,,
,,,,,,TDMS_track_defects,,,,,,False,,,,,,,,,,,,,,,,,,,,,,,,,,,,,,,,,,,,
,,,,,,TDMS_track_defects,,,,,,False,,,,,,,,,,,,,,,,,,,,,,,,,,,,,,,,,,,,
,,,,,,TDMS_track_defects,,,,,,False,,,,,,,,,,,,,,,,,,,,,,,,,,,,,,,,,,,,
,,,,,,TDMS_track_defects,,,,,,False,,,,,,,,,,,,,,,,,,,,,,,,,,,,,,,,,,,,
,,,,,,TDMS_track_defects,,,,,,False,,,,,,,,,,,,,,,,,,,,,,,,,,,,,,,,,,,,
,,,,,,TDMS_track_defects,,,,,,False,,,,,,,,,,,,,,,,,,,,,,,,,,,,,,,,,,,,
,,,,,,TDMS_track_defects,,,,,,False,,,,,,,,,,,,,,,,,,,,,,,,,,,,,,,,,,,,
,,,,,,TDMS_track_defects,,,,,,False,,,,,,,,,,,,,,,,,,,,,,,,,,,,,,,,,,,,
,,,,,,TDMS_track_defects,,,,,,False,,,,,,,,,,,,,,,,,,,,,,,,,,,,,,,,,,,,
,,,,,,TDMS_track_defects,,,,,,False,,,,,,,,,,,,,,,,,,,,,,,,,,,,,,,,,,,,
,,,,,,TDMS_track_defects,,,,,,False,,,,,,,,,,,,,,,,,,,,,,,,,,,,,,,,,,,,
,,,,,,TDMS_track_defects,,,,,,False,,,,,,,,,,,,,,,,,,,,,,,,,,,,,,,,,,,,
,,,,,,TDMS_track_defects,,,,,,False,,,,,,,,,,,,,,,,,,,,,,,,,,,,,,,,,,,,
,,,,,,TDMS_track_defects,,,,,,False,,,,,,,,,,,,,,,,,,,,,,,,,,,,,,,,,,,,
,,,,,,TDMS_track_defects,,,,,,False,,,,,,,,,,,,,,,,,,,,,,,,,,,,,,,,,,,,
,,,,,,TDMS_track_defects,,,,,,False,,,,,,,,,,,,,,,,,,,,,,,,,,,,,,,,,,,,
,,,,,,TDMS_track_defects,,,,,,False,,,,,,,,,,,,,,,,,,,,,,,,,,,,,,,,,,,,
,,,,,,TDMS_track_defects,,,,,,False,,,,,,,,,,,,,,,,,,,,,,,,,,,,,,,,,,,,
,,,,,,TDMS_track_defects,,,,,,False,,,,,,,,,,,,,,,,,,,,,,,,,,,,,,,,,,,,
,,,,,,TDMS_track_defects,,,,,,False,,,,,,,,,,,,,,,,,,,,,,,,,,,,,,,,,,,,
,,,,,,TDMS_track_defects,,,,,,False,,,,,,,,,,,,,,,,,,,,,,,,,,,,,,,,,,,,
,,,,,,TDMS_track_defects,,,,,,False,,,,,,,,,,,,,,,,,,,,,,,,,,,,,,,,,,,,
,,,,,,TDMS_track_defects,,,,,,False,,,,,,,,,,,,,,,,,,,,,,,,,,,,,,,,,,,,
,,,,,,TDMS_track_defects,,,,,,False,,,,,,,,,,,,,,,,,,,,,,,,,,,,,,,,,,,,
,,,,,,TDMS_track_defects,,,,,,False,,,,,,,,,,,,,,,,,,,,,,,,,,,,,,,,,,,,
,,,,,,TDMS_track_defects,,,,,,False,,,,,,,,,,,,,,,,,,,,,,,,,,,,,,,,,,,,
,,,,,,TDMS_track_defects,,,,,,False,,,,,,,,,,,,,,,,,,,,,,,,,,,,,,,,,,,,
,,,,,,TDMS_track_defects,,,,,,False,,,,,,,,,,,,,,,,,,,,,,,,,,,,,,,,,,,,
,,,,,,TDMS_track_defects,,,,,,False,,,,,,,,,,,,,,,,,,,,,,,,,,,,,,,,,,,,
,,,,,,TDMS_track_defects,,,,,,False,,,,,,,,,,,,,,,,,,,,,,,,,,,,,,,,,,,,
,,,,,,TDMS_track_defects,,,,,,False,,,,,,,,,,,,,,,,,,,,,,,,,,,,,,,,,,,,
,,,,,,TDMS_track_defects,,,,,,False,,,,,,,,,,,,,,,,,,,,,,,,,,,,,,,,,,,,
,,,,,,TDMS_track_defects,,,,,,False,,,,,,,,,,,,,,,,,,,,,,,,,,,,,,,,,,,,
,,,,,,TDMS_track_defects,,,,,,False,,,,,,,,,,,,,,,,,,,,,,,,,,,,,,,,,,,,
,,,,,,TDMS_track_defects,,,,,,False,,,,,,,,,,,,,,,,,,,,,,,,,,,,,,,,,,,,
,,,,,,TDMS_track_defects,,,,,,False,,,,,,,,,,,,,,,,,,,,,,,,,,,,,,,,,,,,
,,,,,,TDMS_track_defects,,,,,,False,,,,,,,,,,,,,,,,,,,,,,,,,,,,,,,,,,,,
,,,,,,TDMS_track_defects,,,,,,False,,,,,,,,,,,,,,,,,,,,,,,,,,,,,,,,,,,,
,,,,,,TDMS_track_defects,,,,,,False,,,,,,,,,,,,,,,,,,,,,,,,,,,,,,,,,,,,
,,,,,,TDMS_track_defects,,,,,,False,,,,,,,,,,,,,,,,,,,,,,,,,,,,,,,,,,,,
,,,,,,TDMS_track_defects,,,,,,False,,,,,,,,,,,,,,,,,,,,,,,,,,,,,,,,,,,,
,,,,,,TDMS_track_defects,,,,,,False,,,,,,,,,,,,,,,,,,,,,,,,,,,,,,,,,,,,
,,,,,,TDMS_track_defects,,,,,,False,,,,,,,,,,,,,,,,,,,,,,,,,,,,,,,,,,,,
,,,,,,TDMS_track_defects,,,,,,False,,,,,,,,,,,,,,,,,,,,,,,,,,,,,,,,,,,,
,,,,,,TDMS_track_defects,,,,,,False,,,,,,,,,,,,,,,,,,,,,,,,,,,,,,,,,,,,
,,,,,,TDMS_track_defects,,,,,,False,,,,,,,,,,,,,,,,,,,,,,,,,,,,,,,,,,,,
,,,,,,TDMS_track_defects,,,,,,False,,,,,,,,,,,,,,,,,,,,,,,,,,,,,,,,,,,,
,,,,,,TDMS_track_defects,,,,,,False,,,,,,,,,,,,,,,,,,,,,,,,,,,,,,,,,,,,
,,,,,,TDMS_track_defects,,,,,,False,,,,,,,,,,,,,,,,,,,,,,,,,,,,,,,,,,,,
,,,,,,TDMS_track_defects,,,,,,False,,,,,,,,,,,,,,,,,,,,,,,,,,,,,,,,,,,,
,,,,,,TDMS_track_defects,,,,,,False,,,,,,,,,,,,,,,,,,,,,,,,,,,,,,,,,,,,
,,,,,,TDMS_track_defects,,,,,,False,,,,,,,,,,,,,,,,,,,,,,,,,,,,,,,,,,,,
,,,,,,TDMS_track_defects,,,,,,False,,,,,,,,,,,,,,,,,,,,,,,,,,,,,,,,,,,,
,,,,,,TDMS_track_defects,,,,,,False,,,,,,,,,,,,,,,,,,,,,,,,,,,,,,,,,,,,
,,,,,,TDMS_track_defects,,,,,,False,,,,,,,,,,,,,,,,,,,,,,,,,,,,,,,,,,,,
,,,,,,TDMS_track_defects,,,,,,False,,,,,,,,,,,,,,,,,,,,,,,,,,,,,,,,,,,,
,,,,,,TDMS_track_defects,,,,,,False,,,,,,,,,,,,,,,,,,,,,,,,,,,,,,,,,,,,
,,,,,,TDMS_track_defects,,,,,,False,,,,,,,,,,,,,,,,,,,,,,,,,,,,,,,,,,,,
,,,,,,TDMS_track_defects,,,,,,False,,,,,,,,,,,,,,,,,,,,,,,,,,,,,,,,,,,,
,,,,,,TDMS_track_defects,,,,,,False,,,,,,,,,,,,,,,,,,,,,,,,,,,,,,,,,,,,
,,,,,,TDMS_track_defects,,,,,,False,,,,,,,,,,,,,,,,,,,,,,,,,,,,,,,,,,,,
,,,,,,TDMS_track_defects,,,,,,False,,,,,,,,,,,,,,,,,,,,,,,,,,,,,,,,,,,,
,,,,,,TDMS_track_defects,,,,,,False,,,,,,,,,,,,,,,,,,,,,,,,,,,,,,,,,,,,
,,,,,,TDMS_track_defects,,,,,,False,,,,,,,,,,,,,,,,,,,,,,,,,,,,,,,,,,,,
,,,,,,TDMS_track_defects,,,,,,False,,,,,,,,,,,,,,,,,,,,,,,,,,,,,,,,,,,,
,,,,,,TDMS_track_defects,,,,,,False,,,,,,,,,,,,,,,,,,,,,,,,,,,,,,,,,,,,
,,,,,,TDMS_track_defects,,,,,,False,,,,,,,,,,,,,,,,,,,,,,,,,,,,,,,,,,,,
,,,,,,TDMS_track_defects,,,,,,False,,,,,,,,,,,,,,,,,,,,,,,,,,,,,,,,,,,,
,,,,,,TDMS_track_defects,,,,,,False,,,,,,,,,,,,,,,,,,,,,,,,,,,,,,,,,,,,
,,,,,,TDMS_track_defects,,,,,,False,,,,,,,,,,,,,,,,,,,,,,,,,,,,,,,,,,,,
,,,,,,TDMS_track_defects,,,,,,False,,,,,,,,,,,,,,,,,,,,,,,,,,,,,,,,,,,,
,,,,,,TDMS_track_defects,,,,,,False,,,,,,,,,,,,,,,,,,,,,,,,,,,,,,,,,,,,
,,,,,,TDMS_track_defects,,,,,,False,,,,,,,,,,,,,,,,,,,,,,,,,,,,,,,,,,,,
,,,,,,TDMS_track_defects,,,,,,False,,,,,,,,,,,,,,,,,,,,,,,,,,,,,,,,,,,,
,,,,,,TDMS_track_defects,,,,,,False,,,,,,,,,,,,,,,,,,,,,,,,,,,,,,,,,,,,
,,,,,,TDMS_track_defects,,,,,,False,,,,,,,,,,,,,,,,,,,,,,,,,,,,,,,,,,,,
,,,,,,TDMS_track_defects,,,,,,False,,,,,,,,,,,,,,,,,,,,,,,,,,,,,,,,,,,,
,,,,,,TDMS_track_defects,,,,,,False,,,,,,,,,,,,,,,,,,,,,,,,,,,,,,,,,,,,
,,,,,,TDMS_track_defects,,,,,,False,,,,,,,,,,,,,,,,,,,,,,,,,,,,,,,,,,,,
,,,,,,TDMS_track_defects,,,,,,False,,,,,,,,,,,,,,,,,,,,,,,,,,,,,,,,,,,,
,,,,,,TDMS_track_defects,,,,,,False,,,,,,,,,,,,,,,,,,,,,,,,,,,,,,,,,,,,
,,,,,,TDMS_track_defects,,,,,,False,,,,,,,,,,,,,,,,,,,,,,,,,,,,,,,,,,,,
,,,,,,TDMS_track_defects,,,,,,False,,,,,,,,,,,,,,,,,,,,,,,,,,,,,,,,,,,,
,,,,,,TDMS_track_defects,,,,,,False,,,,,,,,,,,,,,,,,,,,,,,,,,,,,,,,,,,,
,,,,,,TDMS_track_defects,,,,,,False,,,,,,,,,,,,,,,,,,,,,,,,,,,,,,,,,,,,
,,,,,,TDMS_track_defects,,,,,,False,,,,,,,,,,,,,,,,,,,,,,,,,,,,,,,,,,,,
,,,,,,TDMS_track_defects,,,,,,False,,,,,,,,,,,,,,,,,,,,,,,,,,,,,,,,,,,,
,,,,,,TDMS_track_defects,,,,,,False,,,,,,,,,,,,,,,,,,,,,,,,,,,,,,,,,,,,
,,,,,,TDMS_track_defects,,,,,,False,,,,,,,,,,,,,,,,,,,,,,,,,,,,,,,,,,,,
,,,,,,TDMS_track_defects,,,,,,False,,,,,,,,,,,,,,,,,,,,,,,,,,,,,,,,,,,,
,,,,,,TDMS_track_defects,,,,,,False,,,,,,,,,,,,,,,,,,,,,,,,,,,,,,,,,,,,
,,,,,,TDMS_track_defects,,,,,,False,,,,,,,,,,,,,,,,,,,,,,,,,,,,,,,,,,,,
,,,,,,TDMS_track_defects,,,,,,False,,,,,,,,,,,,,,,,,,,,,,,,,,,,,,,,,,,,
,,,,,,TDMS_track_defects,,,,,,False,,,,,,,,,,,,,,,,,,,,,,,,,,,,,,,,,,,,
,,,,,,TDMS_track_defects,,,,,,False,,,,,,,,,,,,,,,,,,,,,,,,,,,,,,,,,,,,
,,,,,,TDMS_track_defects,,,,,,False,,,,,,,,,,,,,,,,,,,,,,,,,,,,,,,,,,,,
,,,,,,TDMS_track_defects,,,,,,False,,,,,,,,,,,,,,,,,,,,,,,,,,,,,,,,,,,,
,,,,,,TDMS_track_defects,,,,,,False,,,,,,,,,,,,,,,,,,,,,,,,,,,,,,,,,,,,
,,,,,,TDMS_track_defects,,,,,,False,,,,,,,,,,,,,,,,,,,,,,,,,,,,,,,,,,,,
,,,,,,TDMS_track_defects,,,,,,False,,,,,,,,,,,,,,,,,,,,,,,,,,,,,,,,,,,,
,,,,,,TDMS_track_defects,,,,,,False,,,,,,,,,,,,,,,,,,,,,,,,,,,,,,,,,,,,
,,,,,,TDMS_track_defects,,,,,,False,,,,,,,,,,,,,,,,,,,,,,,,,,,,,,,,,,,,
,,,,,,TDMS_track_defects,,,,,,False,,,,,,,,,,,,,,,,,,,,,,,,,,,,,,,,,,,,
,,,,,,TDMS_track_defects,,,,,,False,,,,,,,,,,,,,,,,,,,,,,,,,,,,,,,,,,,,
,,,,,,TDMS_track_defects,,,,,,False,,,,,,,,,,,,,,,,,,,,,,,,,,,,,,,,,,,,
,,,,,,TDMS_track_defects,,,,,,False,,,,,,,,,,,,,,,,,,,,,,,,,,,,,,,,,,,,
,,,,,,TDMS_track_defects,,,,,,False,,,,,,,,,,,,,,,,,,,,,,,,,,,,,,,,,,,,
,,,,,,TDMS_track_defects,,,,,,False,,,,,,,,,,,,,,,,,,,,,,,,,,,,,,,,,,,,
,,,,,,TDMS_track_defects,,,,,,False,,,,,,,,,,,,,,,,,,,,,,,,,,,,,,,,,,,,
,,,,,,TDMS_track_defects,,,,,,False,,,,,,,,,,,,,,,,,,,,,,,,,,,,,,,,,,,,
,,,,,,TDMS_track_defects,,,,,,False,,,,,,,,,,,,,,,,,,,,,,,,,,,,,,,,,,,,
,,,,,,TDMS_track_defects,,,,,,False,,,,,,,,,,,,,,,,,,,,,,,,,,,,,,,,,,,,
,,,,,,TDMS_track_defects,,,,,,False,,,,,,,,,,,,,,,,,,,,,,,,,,,,,,,,,,,,
,,,,,,TDMS_track_defects,,,,,,False,,,,,,,,,,,,,,,,,,,,,,,,,,,,,,,,,,,,
,,,,,,TDMS_track_defects,,,,,,False,,,,,,,,,,,,,,,,,,,,,,,,,,,,,,,,,,,,
,,,,,,TDMS_track_defects,,,,,,False,,,,,,,,,,,,,,,,,,,,,,,,,,,,,,,,,,,,
,,,,,,TDMS_track_defects,,,,,,False,,,,,,,,,,,,,,,,,,,,,,,,,,,,,,,,,,,,
,,,,,,TDMS_track_defects,,,,,,False,,,,,,,,,,,,,,,,,,,,,,,,,,,,,,,,,,,,
,,,,,,TDMS_track_defects,,,,,,False,,,,,,,,,,,,,,,,,,,,,,,,,,,,,,,,,,,,
,,,,,,TDMS_track_defects,,,,,,False,,,,,,,,,,,,,,,,,,,,,,,,,,,,,,,,,,,,
,,,,,,TDMS_track_defects,,,,,,False,,,,,,,,,,,,,,,,,,,,,,,,,,,,,,,,,,,,
,,,,,,TDMS_track_defects,,,,,,False,,,,,,,,,,,,,,,,,,,,,,,,,,,,,,,,,,,,
,,,,,,TDMS_track_defects,,,,,,False,,,,,,,,,,,,,,,,,,,,,,,,,,,,,,,,,,,,
,,,,,,TDMS_track_defects,,,,,,False,,,,,,,,,,,,,,,,,,,,,,,,,,,,,,,,,,,,
,,,,,,TDMS_track_defects,,,,,,False,,,,,,,,,,,,,,,,,,,,,,,,,,,,,,,,,,,,
,,,,,,TDMS_track_defects,,,,,,False,,,,,,,,,,,,,,,,,,,,,,,,,,,,,,,,,,,,
,,,,,,TDMS_track_defects,,,,,,False,,,,,,,,,,,,,,,,,,,,,,,,,,,,,,,,,,,,
,,,,,,TDMS_track_defects,,,,,,False,,,,,,,,,,,,,,,,,,,,,,,,,,,,,,,,,,,,
,,,,,,TDMS_track_defects,,,,,,False,,,,,,,,,,,,,,,,,,,,,,,,,,,,,,,,,,,,
,,,,,,TDMS_track_defects,,,,,,False,,,,,,,,,,,,,,,,,,,,,,,,,,,,,,,,,,,,
,,,,,,TDMS_track_defects,,,,,,False,,,,,,,,,,,,,,,,,,,,,,,,,,,,,,,,,,,,
,,,,,,TDMS_track_defects,,,,,,False,,,,,,,,,,,,,,,,,,,,,,,,,,,,,,,,,,,,
,,,,,,TDMS_track_defects,,,,,,False,,,,,,,,,,,,,,,,,,,,,,,,,,,,,,,,,,,,
,,,,,,TDMS_track_defects,,,,,,False,,,,,,,,,,,,,,,,,,,,,,,,,,,,,,,,,,,,
,,,,,,TDMS_track_defects,,,,,,False,,,,,,,,,,,,,,,,,,,,,,,,,,,,,,,,,,,,
,,,,,,TDMS_track_defects,,,,,,False,,,,,,,,,,,,,,,,,,,,,,,,,,,,,,,,,,,,
,,,,,,TDMS_track_defects,,,,,,False,,,,,,,,,,,,,,,,,,,,,,,,,,,,,,,,,,,,
,,,,,,TDMS_track_defects,,,,,,False,,,,,,,,,,,,,,,,,,,,,,,,,,,,,,,,,,,,
,,,,,,TDMS_track_defects,,,,,,False,,,,,,,,,,,,,,,,,,,,,,,,,,,,,,,,,,,,
,,,,,,TDMS_track_defects,,,,,,False,,,,,,,,,,,,,,,,,,,,,,,,,,,,,,,,,,,,
,,,,,,TDMS_track_defects,,,,,,False,,,,,,,,,,,,,,,,,,,,,,,,,,,,,,,,,,,,
,,,,,,TDMS_track_defects,,,,,,False,,,,,,,,,,,,,,,,,,,,,,,,,,,,,,,,,,,,
,,,,,,TDMS_track_defects,,,,,,False,,,,,,,,,,,,,,,,,,,,,,,,,,,,,,,,,,,,
,,,,,,TDMS_track_defects,,,,,,False,,,,,,,,,,,,,,,,,,,,,,,,,,,,,,,,,,,,
,,,,,,TDMS_track_defects,,,,,,False,,,,,,,,,,,,,,,,,,,,,,,,,,,,,,,,,,,,
,,,,,,TDMS_track_defects,,,,,,False,,,,,,,,,,,,,,,,,,,,,,,,,,,,,,,,,,,,
,,,,,,TDMS_track_defects,,,,,,False,,,,,,,,,,,,,,,,,,,,,,,,,,,,,,,,,,,,
,,,,,,TDMS_track_defects,,,,,,False,,,,,,,,,,,,,,,,,,,,,,,,,,,,,,,,,,,,
,,,,,,TDMS_track_defects,,,,,,False,,,,,,,,,,,,,,,,,,,,,,,,,,,,,,,,,,,,
,,,,,,TDMS_track_defects,,,,,,False,,,,,,,,,,,,,,,,,,,,,,,,,,,,,,,,,,,,
,,,,,,TDMS_track_defects,,,,,,False,,,,,,,,,,,,,,,,,,,,,,,,,,,,,,,,,,,,
,,,,,,TDMS_track_defects,,,,,,False,,,,,,,,,,,,,,,,,,,,,,,,,,,,,,,,,,,,
,,,,,,TDMS_track_defects,,,,,,False,,,,,,,,,,,,,,,,,,,,,,,,,,,,,,,,,,,,
,,,,,,TDMS_track_defects,,,,,,False,,,,,,,,,,,,,,,,,,,,,,,,,,,,,,,,,,,,
,,,,,,TDMS_track_defects,,,,,,False,,,,,,,,,,,,,,,,,,,,,,,,,,,,,,,,,,,,
,,,,,,TDMS_track_defects,,,,,,False,,,,,,,,,,,,,,,,,,,,,,,,,,,,,,,,,,,,
,,,,,,TDMS_track_defects,,,,,,False,,,,,,,,,,,,,,,,,,,,,,,,,,,,,,,,,,,,
,,,,,,TDMS_track_defects,,,,,,False,,,,,,,,,,,,,,,,,,,,,,,,,,,,,,,,,,,,
,,,,,,TDMS_track_defects,,,,,,False,,,,,,,,,,,,,,,,,,,,,,,,,,,,,,,,,,,,
,,,,,,TDMS_track_defects,,,,,,False,,,,,,,,,,,,,,,,,,,,,,,,,,,,,,,,,,,,
,,,,,,TDMS_track_defects,,,,,,False,,,,,,,,,,,,,,,,,,,,,,,,,,,,,,,,,,,,
,,,,,,TDMS_track_defects,,,,,,False,,,,,,,,,,,,,,,,,,,,,,,,,,,,,,,,,,,,
,,,,,,TDMS_track_defects,,,,,,False,,,,,,,,,,,,,,,,,,,,,,,,,,,,,,,,,,,,
,,,,,,TDMS_track_defects,,,,,,False,,,,,,,,,,,,,,,,,,,,,,,,,,,,,,,,,,,,
,,,,,,TDMS_track_defects,,,,,,False,,,,,,,,,,,,,,,,,,,,,,,,,,,,,,,,,,,,
,,,,,,TDMS_track_defects,,,,,,False,,,,,,,,,,,,,,,,,,,,,,,,,,,,,,,,,,,,
,,,,,,TDMS_track_defects,,,,,,False,,,,,,,,,,,,,,,,,,,,,,,,,,,,,,,,,,,,
,,,,,,TDMS_track_defects,,,,,,False,,,,,,,,,,,,,,,,,,,,,,,,,,,,,,,,,,,,
,,,,,,TDMS_track_defects,,,,,,False,,,,,,,,,,,,,,,,,,,,,,,,,,,,,,,,,,,,
,,,,,,TDMS_track_defects,,,,,,False,,,,,,,,,,,,,,,,,,,,,,,,,,,,,,,,,,,,
,,,,,,TDMS_track_defects,,,,,,False,,,,,,,,,,,,,,,,,,,,,,,,,,,,,,,,,,,,
,,,,,,TDMS_track_defects,,,,,,False,,,,,,,,,,,,,,,,,,,,,,,,,,,,,,,,,,,,
,,,,,,TDMS_track_defects,,,,,,False,,,,,,,,,,,,,,,,,,,,,,,,,,,,,,,,,,,,
,,,,,,TDMS_track_defects,,,,,,False,,,,,,,,,,,,,,,,,,,,,,,,,,,,,,,,,,,,
,,,,,,TDMS_track_defects,,,,,,False,,,,,,,,,,,,,,,,,,,,,,,,,,,,,,,,,,,,
,,,,,,TDMS_track_defects,,,,,,False,,,,,,,,,,,,,,,,,,,,,,,,,,,,,,,,,,,,
,,,,,,TDMS_track_defects,,,,,,False,,,,,,,,,,,,,,,,,,,,,,,,,,,,,,,,,,,,
,,,,,,TDMS_track_defects,,,,,,False,,,,,,,,,,,,,,,,,,,,,,,,,,,,,,,,,,,,
,,,,,,TDMS_track_defects,,,,,,False,,,,,,,,,,,,,,,,,,,,,,,,,,,,,,,,,,,,
,,,,,,TDMS_track_defects,,,,,,False,,,,,,,,,,,,,,,,,,,,,,,,,,,,,,,,,,,,
,,,,,,TDMS_track_defects,,,,,,False,,,,,,,,,,,,,,,,,,,,,,,,,,,,,,,,,,,,
,,,,,,TDMS_track_defects,,,,,,False,,,,,,,,,,,,,,,,,,,,,,,,,,,,,,,,,,,,
,,,,,,TDMS_track_defects,,,,,,False,,,,,,,,,,,,,,,,,,,,,,,,,,,,,,,,,,,,
,,,,,,TDMS_track_defects,,,,,,False,,,,,,,,,,,,,,,,,,,,,,,,,,,,,,,,,,,,
,,,,,,TDMS_track_defects,,,,,,False,,,,,,,,,,,,,,,,,,,,,,,,,,,,,,,,,,,,
,,,,,,TDMS_track_defects,,,,,,False,,,,,,,,,,,,,,,,,,,,,,,,,,,,,,,,,,,,
,,,,,,TDMS_track_defects,,,,,,False,,,,,,,,,,,,,,,,,,,,,,,,,,,,,,,,,,,,
,,,,,,TDMS_track_defects,,,,,,False,,,,,,,,,,,,,,,,,,,,,,,,,,,,,,,,,,,,
,,,,,,TDMS_track_defects,,,,,,False,,,,,,,,,,,,,,,,,,,,,,,,,,,,,,,,,,,,
,,,,,,TDMS_track_defects,,,,,,False,,,,,,,,,,,,,,,,,,,,,,,,,,,,,,,,,,,,
,,,,,,TDMS_track_defects,,,,,,False,,,,,,,,,,,,,,,,,,,,,,,,,,,,,,,,,,,,
,,,,,,TDMS_track_defects,,,,,,False,,,,,,,,,,,,,,,,,,,,,,,,,,,,,,,,,,,,
,,,,,,TDMS_track_defects,,,,,,False,,,,,,,,,,,,,,,,,,,,,,,,,,,,,,,,,,,,
,,,,,,TDMS_track_defects,,,,,,False,,,,,,,,,,,,,,,,,,,,,,,,,,,,,,,,,,,,
,,,,,,TDMS_track_defects,,,,,,False,,,,,,,,,,,,,,,,,,,,,,,,,,,,,,,,,,,,
,,,,,,TDMS_track_defects,,,,,,False,,,,,,,,,,,,,,,,,,,,,,,,,,,,,,,,,,,,
,,,,,,TDMS_track_defects,,,,,,False,,,,,,,,,,,,,,,,,,,,,,,,,,,,,,,,,,,,
,,,,,,TDMS_track_defects,,,,,,False,,,,,,,,,,,,,,,,,,,,,,,,,,,,,,,,,,,,
,,,,,,TDMS_track_defects,,,,,,False,,,,,,,,,,,,,,,,,,,,,,,,,,,,,,,,,,,,
,,,,,,TDMS_track_defects,,,,,,False,,,,,,,,,,,,,,,,,,,,,,,,,,,,,,,,,,,,
,,,,,,TDMS_track_defects,,,,,,False,,,,,,,,,,,,,,,,,,,,,,,,,,,,,,,,,,,,
,,,,,,TDMS_track_defects,,,,,,False,,,,,,,,,,,,,,,,,,,,,,,,,,,,,,,,,,,,
,,,,,,TDMS_track_defects,,,,,,False,,,,,,,,,,,,,,,,,,,,,,,,,,,,,,,,,,,,
,,,,,,TDMS_track_defects,,,,,,False,,,,,,,,,,,,,,,,,,,,,,,,,,,,,,,,,,,,
,,,,,,TDMS_track_defects,,,,,,False,,,,,,,,,,,,,,,,,,,,,,,,,,,,,,,,,,,,
,,,,,,TDMS_track_defects,,,,,,False,,,,,,,,,,,,,,,,,,,,,,,,,,,,,,,,,,,,
,,,,,,TDMS_track_defects,,,,,,False,,,,,,,,,,,,,,,,,,,,,,,,,,,,,,,,,,,,
,,,,,,TDMS_track_defects,,,,,,False,,,,,,,,,,,,,,,,,,,,,,,,,,,,,,,,,,,,
,,,,,,TDMS_track_defects,,,,,,False,,,,,,,,,,,,,,,,,,,,,,,,,,,,,,,,,,,,
,,,,,,TDMS_track_defects,,,,,,False,,,,,,,,,,,,,,,,,,,,,,,,,,,,,,,,,,,,
,,,,,,TDMS_track_defects,,,,,,False,,,,,,,,,,,,,,,,,,,,,,,,,,,,,,,,,,,,
,,,,,,TDMS_track_defects,,,,,,False,,,,,,,,,,,,,,,,,,,,,,,,,,,,,,,,,,,,
,,,,,,TDMS_track_defects,,,,,,False,,,,,,,,,,,,,,,,,,,,,,,,,,,,,,,,,,,,
,,,,,,TDMS_track_defects,,,,,,False,,,,,,,,,,,,,,,,,,,,,,,,,,,,,,,,,,,,
,,,,,,TDMS_track_defects,,,,,,False,,,,,,,,,,,,,,,,,,,,,,,,,,,,,,,,,,,,
,,,,,,TDMS_track_defects,,,,,,False,,,,,,,,,,,,,,,,,,,,,,,,,,,,,,,,,,,,
,,,,,,TDMS_track_defects,,,,,,False,,,,,,,,,,,,,,,,,,,,,,,,,,,,,,,,,,,,
,,,,,,TDMS_track_defects,,,,,,False,,,,,,,,,,,,,,,,,,,,,,,,,,,,,,,,,,,,
,,,,,,TDMS_track_defects,,,,,,False,,,,,,,,,,,,,,,,,,,,,,,,,,,,,,,,,,,,
,,,,,,TDMS_track_defects,,,,,,False,,,,,,,,,,,,,,,,,,,,,,,,,,,,,,,,,,,,
,,,,,,TDMS_track_defects,,,,,,False,,,,,,,,,,,,,,,,,,,,,,,,,,,,,,,,,,,,
,,,,,,TDMS_track_defects,,,,,,False,,,,,,,,,,,,,,,,,,,,,,,,,,,,,,,,,,,,
,,,,,,TDMS_track_defects,,,,,,False,,,,,,,,,,,,,,,,,,,,,,,,,,,,,,,,,,,,
,,,,,,TDMS_track_defects,,,,,,False,,,,,,,,,,,,,,,,,,,,,,,,,,,,,,,,,,,,
,,,,,,TDMS_track_defects,,,,,,False,,,,,,,,,,,,,,,,,,,,,,,,,,,,,,,,,,,,
,,,,,,TDMS_track_defects,,,,,,False,,,,,,,,,,,,,,,,,,,,,,,,,,,,,,,,,,,,
,,,,,,TDMS_track_defects,,,,,,False,,,,,,,,,,,,,,,,,,,,,,,,,,,,,,,,,,,,
,,,,,,TDMS_track_defects,,,,,,False,,,,,,,,,,,,,,,,,,,,,,,,,,,,,,,,,,,,
,,,,,,TDMS_track_defects,,,,,,False,,,,,,,,,,,,,,,,,,,,,,,,,,,,,,,,,,,,
,,,,,,TDMS_track_defects,,,,,,False,,,,,,,,,,,,,,,,,,,,,,,,,,,,,,,,,,,,
,,,,,,TDMS_track_defects,,,,,,False,,,,,,,,,,,,,,,,,,,,,,,,,,,,,,,,,,,,
,,,,,,TDMS_track_defects,,,,,,False,,,,,,,,,,,,,,,,,,,,,,,,,,,,,,,,,,,,
,,,,,,TDMS_track_defects,,,,,,False,,,,,,,,,,,,,,,,,,,,,,,,,,,,,,,,,,,,
,,,,,,TDMS_track_defects,,,,,,False,,,,,,,,,,,,,,,,,,,,,,,,,,,,,,,,,,,,
,,,,,,TDMS_track_defects,,,,,,False,,,,,,,,,,,,,,,,,,,,,,,,,,,,,,,,,,,,
,,,,,,TDMS_track_defects,,,,,,False,,,,,,,,,,,,,,,,,,,,,,,,,,,,,,,,,,,,
,,,,,,TDMS_track_defects,,,,,,False,,,,,,,,,,,,,,,,,,,,,,,,,,,,,,,,,,,,
,,,,,,TDMS_track_defects,,,,,,False,,,,,,,,,,,,,,,,,,,,,,,,,,,,,,,,,,,,
,,,,,,TDMS_track_defects,,,,,,False,,,,,,,,,,,,,,,,,,,,,,,,,,,,,,,,,,,,
,,,,,,TDMS_track_defects,,,,,,False,,,,,,,,,,,,,,,,,,,,,,,,,,,,,,,,,,,,
,,,,,,TDMS_track_defects,,,,,,False,,,,,,,,,,,,,,,,,,,,,,,,,,,,,,,,,,,,
,,,,,,TDMS_track_defects,,,,,,False,,,,,,,,,,,,,,,,,,,,,,,,,,,,,,,,,,,,
,,,,,,TDMS_track_defects,,,,,,False,,,,,,,,,,,,,,,,,,,,,,,,,,,,,,,,,,,,
,,,,,,TDMS_track_defects,,,,,,False,,,,,,,,,,,,,,,,,,,,,,,,,,,,,,,,,,,,
,,,,,,TDMS_track_defects,,,,,,False,,,,,,,,,,,,,,,,,,,,,,,,,,,,,,,,,,,,
,,,,,,TDMS_track_defects,,,,,,False,,,,,,,,,,,,,,,,,,,,,,,,,,,,,,,,,,,,
,,,,,,TDMS_track_defects,,,,,,False,,,,,,,,,,,,,,,,,,,,,,,,,,,,,,,,,,,,
,,,,,,TDMS_track_defects,,,,,,False,,,,,,,,,,,,,,,,,,,,,,,,,,,,,,,,,,,,
,,,,,,TDMS_track_defects,,,,,,False,,,,,,,,,,,,,,,,,,,,,,,,,,,,,,,,,,,,
,,,,,,TDMS_track_defects,,,,,,False,,,,,,,,,,,,,,,,,,,,,,,,,,,,,,,,,,,,
,,,,,,TDMS_track_defects,,,,,,False,,,,,,,,,,,,,,,,,,,,,,,,,,,,,,,,,,,,
,,,,,,TDMS_track_defects,,,,,,False,,,,,,,,,,,,,,,,,,,,,,,,,,,,,,,,,,,,
,,,,,,TDMS_track_defects,,,,,,False,,,,,,,,,,,,,,,,,,,,,,,,,,,,,,,,,,,,
,,,,,,TDMS_track_defects,,,,,,False,,,,,,,,,,,,,,,,,,,,,,,,,,,,,,,,,,,,
,,,,,,TDMS_track_defects,,,,,,False,,,,,,,,,,,,,,,,,,,,,,,,,,,,,,,,,,,,
,,,,,,TDMS_track_defects,,,,,,False,,,,,,,,,,,,,,,,,,,,,,,,,,,,,,,,,,,,
,,,,,,TDMS_track_defects,,,,,,False,,,,,,,,,,,,,,,,,,,,,,,,,,,,,,,,,,,,
,,,,,,TDMS_track_defects,,,,,,False,,,,,,,,,,,,,,,,,,,,,,,,,,,,,,,,,,,,
,,,,,,TDMS_track_defects,,,,,,False,,,,,,,,,,,,,,,,,,,,,,,,,,,,,,,,,,,,
,,,,,,TDMS_track_defects,,,,,,False,,,,,,,,,,,,,,,,,,,,,,,,,,,,,,,,,,,,
,,,,,,TDMS_track_defects,,,,,,False,,,,,,,,,,,,,,,,,,,,,,,,,,,,,,,,,,,,
,,,,,,TDMS_track_defects,,,,,,False,,,,,,,,,,,,,,,,,,,,,,,,,,,,,,,,,,,,
,,,,,,TDMS_track_defects,,,,,,False,,,,,,,,,,,,,,,,,,,,,,,,,,,,,,,,,,,,
,,,,,,TDMS_track_defects,,,,,,False,,,,,,,,,,,,,,,,,,,,,,,,,,,,,,,,,,,,
,,,,,,TDMS_track_defects,,,,,,False,,,,,,,,,,,,,,,,,,,,,,,,,,,,,,,,,,,,
,,,,,,TDMS_track_defects,,,,,,False,,,,,,,,,,,,,,,,,,,,,,,,,,,,,,,,,,,,
,,,,,,TDMS_track_defects,,,,,,False,,,,,,,,,,,,,,,,,,,,,,,,,,,,,,,,,,,,
,,,,,,TDMS_track_defects,,,,,,False,,,,,,,,,,,,,,,,,,,,,,,,,,,,,,,,,,,,
,,,,,,TDMS_track_defects,,,,,,False,,,,,,,,,,,,,,,,,,,,,,,,,,,,,,,,,,,,
,,,,,,TDMS_track_defects,,,,,,False,,,,,,,,,,,,,,,,,,,,,,,,,,,,,,,,,,,,
,,,,,,TDMS_track_defects,,,,,,False,,,,,,,,,,,,,,,,,,,,,,,,,,,,,,,,,,,,
,,,,,,TDMS_track_defects,,,,,,False,,,,,,,,,,,,,,,,,,,,,,,,,,,,,,,,,,,,
,,,,,,TDMS_track_defects,,,,,,False,,,,,,,,,,,,,,,,,,,,,,,,,,,,,,,,,,,,
,,,,,,TDMS_track_defects,,,,,,False,,,,,,,,,,,,,,,,,,,,,,,,,,,,,,,,,,,,
,,,,,,TDMS_track_defects,,,,,,False,,,,,,,,,,,,,,,,,,,,,,,,,,,,,,,,,,,,
,,,,,,TDMS_track_defects,,,,,,False,,,,,,,,,,,,,,,,,,,,,,,,,,,,,,,,,,,,
,,,,,,TDMS_track_defects,,,,,,False,,,,,,,,,,,,,,,,,,,,,,,,,,,,,,,,,,,,
,,,,,,TDMS_track_defects,,,,,,False,,,,,,,,,,,,,,,,,,,,,,,,,,,,,,,,,,,,
,,,,,,TDMS_track_defects,,,,,,False,,,,,,,,,,,,,,,,,,,,,,,,,,,,,,,,,,,,
,,,,,,TDMS_track_defects,,,,,,False,,,,,,,,,,,,,,,,,,,,,,,,,,,,,,,,,,,,
,,,,,,TDMS_track_defects,,,,,,False,,,,,,,,,,,,,,,,,,,,,,,,,,,,,,,,,,,,
,,,,,,TDMS_track_defects,,,,,,False,,,,,,,,,,,,,,,,,,,,,,,,,,,,,,,,,,,,
,,,,,,TDMS_track_defects,,,,,,False,,,,,,,,,,,,,,,,,,,,,,,,,,,,,,,,,,,,
,,,,,,TDMS_track_defects,,,,,,False,,,,,,,,,,,,,,,,,,,,,,,,,,,,,,,,,,,,
,,,,,,TDMS_track_defects,,,,,,False,,,,,,,,,,,,,,,,,,,,,,,,,,,,,,,,,,,,
,,,,,,TDMS_track_defects,,,,,,False,,,,,,,,,,,,,,,,,,,,,,,,,,,,,,,,,,,,
,,,,,,TDMS_track_defects,,,,,,False,,,,,,,,,,,,,,,,,,,,,,,,,,,,,,,,,,,,
,,,,,,TDMS_track_defects,,,,,,False,,,,,,,,,,,,,,,,,,,,,,,,,,,,,,,,,,,,
,,,,,,TDMS_track_defects,,,,,,False,,,,,,,,,,,,,,,,,,,,,,,,,,,,,,,,,,,,
,,,,,,TDMS_track_defects,,,,,,False,,,,,,,,,,,,,,,,,,,,,,,,,,,,,,,,,,,,
,,,,,,TDMS_track_defects,,,,,,False,,,,,,,,,,,,,,,,,,,,,,,,,,,,,,,,,,,,
,,,,,,TDMS_track_defects,,,,,,False,,,,,,,,,,,,,,,,,,,,,,,,,,,,,,,,,,,,
,,,,,,TDMS_track_defects,,,,,,False,,,,,,,,,,,,,,,,,,,,,,,,,,,,,,,,,,,,
,,,,,,TDMS_track_defects,,,,,,False,,,,,,,,,,,,,,,,,,,,,,,,,,,,,,,,,,,,
,,,,,,TDMS_track_defects,,,,,,False,,,,,,,,,,,,,,,,,,,,,,,,,,,,,,,,,,,,
,,,,,,TDMS_track_defects,,,,,,False,,,,,,,,,,,,,,,,,,,,,,,,,,,,,,,,,,,,
,,,,,,TDMS_track_defects,,,,,,False,,,,,,,,,,,,,,,,,,,,,,,,,,,,,,,,,,,,
,,,,,,TDMS_track_defects,,,,,,False,,,,,,,,,,,,,,,,,,,,,,,,,,,,,,,,,,,,
,,,,,,TDMS_track_defects,,,,,,False,,,,,,,,,,,,,,,,,,,,,,,,,,,,,,,,,,,,
,,,,,,TDMS_track_defects,,,,,,False,,,,,,,,,,,,,,,,,,,,,,,,,,,,,,,,,,,,
,,,,,,TDMS_track_defects,,,,,,False,,,,,,,,,,,,,,,,,,,,,,,,,,,,,,,,,,,,
,,,,,,TDMS_track_defects,,,,,,False,,,,,,,,,,,,,,,,,,,,,,,,,,,,,,,,,,,,
,,,,,,TDMS_track_defects,,,,,,False,,,,,,,,,,,,,,,,,,,,,,,,,,,,,,,,,,,,
,,,,,,TDMS_track_defects,,,,,,False,,,,,,,,,,,,,,,,,,,,,,,,,,,,,,,,,,,,
,,,,,,TDMS_track_defects,,,,,,False,,,,,,,,,,,,,,,,,,,,,,,,,,,,,,,,,,,,
,,,,,,TDMS_track_defects,,,,,,False,,,,,,,,,,,,,,,,,,,,,,,,,,,,,,,,,,,,
,,,,,,TDMS_track_defects,,,,,,False,,,,,,,,,,,,,,,,,,,,,,,,,,,,,,,,,,,,
,,,,,,TDMS_track_defects,,,,,,False,,,,,,,,,,,,,,,,,,,,,,,,,,,,,,,,,,,,
,,,,,,TDMS_track_defects,,,,,,False,,,,,,,,,,,,,,,,,,,,,,,,,,,,,,,,,,,,
,,,,,,TDMS_track_defects,,,,,,False,,,,,,,,,,,,,,,,,,,,,,,,,,,,,,,,,,,,
,,,,,,TDMS_track_defects,,,,,,False,,,,,,,,,,,,,,,,,,,,,,,,,,,,,,,,,,,,
,,,,,,TDMS_track_defects,,,,,,False,,,,,,,,,,,,,,,,,,,,,,,,,,,,,,,,,,,,
,,,,,,TDMS_track_defects,,,,,,False,,,,,,,,,,,,,,,,,,,,,,,,,,,,,,,,,,,,
,,,,,,TDMS_track_defects,,,,,,False,,,,,,,,,,,,,,,,,,,,,,,,,,,,,,,,,,,,
,,,,,,TDMS_track_defects,,,,,,False,,,,,,,,,,,,,,,,,,,,,,,,,,,,,,,,,,,,
,,,,,,TDMS_track_defects,,,,,,False,,,,,,,,,,,,,,,,,,,,,,,,,,,,,,,,,,,,
,,,,,,TDMS_track_defects,,,,,,False,,,,,,,,,,,,,,,,,,,,,,,,,,,,,,,,,,,,
,,,,,,TDMS_track_defects,,,,,,False,,,,,,,,,,,,,,,,,,,,,,,,,,,,,,,,,,,,
,,,,,,TDMS_track_defects,,,,,,False,,,,,,,,,,,,,,,,,,,,,,,,,,,,,,,,,,,,
,,,,,,TDMS_track_defects,,,,,,False,,,,,,,,,,,,,,,,,,,,,,,,,,,,,,,,,,,,
,,,,,,TDMS_track_defects,,,,,,False,,,,,,,,,,,,,,,,,,,,,,,,,,,,,,,,,,,,
,,,,,,TDMS_track_defects,,,,,,False,,,,,,,,,,,,,,,,,,,,,,,,,,,,,,,,,,,,
,,,,,,TDMS_track_defects,,,,,,False,,,,,,,,,,,,,,,,,,,,,,,,,,,,,,,,,,,,
,,,,,,TDMS_track_defects,,,,,,False,,,,,,,,,,,,,,,,,,,,,,,,,,,,,,,,,,,,
,,,,,,TDMS_track_defects,,,,,,False,,,,,,,,,,,,,,,,,,,,,,,,,,,,,,,,,,,,
,,,,,,TDMS_track_defects,,,,,,False,,,,,,,,,,,,,,,,,,,,,,,,,,,,,,,,,,,,
,,,,,,TDMS_track_defects,,,,,,False,,,,,,,,,,,,,,,,,,,,,,,,,,,,,,,,,,,,
,,,,,,TDMS_track_defects,,,,,,False,,,,,,,,,,,,,,,,,,,,,,,,,,,,,,,,,,,,
,,,,,,TDMS_track_defects,,,,,,False,,,,,,,,,,,,,,,,,,,,,,,,,,,,,,,,,,,,
,,,,,,TDMS_track_defects,,,,,,False,,,,,,,,,,,,,,,,,,,,,,,,,,,,,,,,,,,,
,,,,,,TDMS_track_defects,,,,,,False,,,,,,,,,,,,,,,,,,,,,,,,,,,,,,,,,,,,
,,,,,,TDMS_track_defects,,,,,,False,,,,,,,,,,,,,,,,,,,,,,,,,,,,,,,,,,,,
,,,,,,TDMS_track_defects,,,,,,False,,,,,,,,,,,,,,,,,,,,,,,,,,,,,,,,,,,,
,,,,,,TDMS_track_defects,,,,,,False,,,,,,,,,,,,,,,,,,,,,,,,,,,,,,,,,,,,
,,,,,,TDMS_track_defects,,,,,,False,,,,,,,,,,,,,,,,,,,,,,,,,,,,,,,,,,,,
,,,,,,TDMS_track_defects,,,,,,False,,,,,,,,,,,,,,,,,,,,,,,,,,,,,,,,,,,,
,,,,,,TDMS_track_defects,,,,,,False,,,,,,,,,,,,,,,,,,,,,,,,,,,,,,,,,,,,
,,,,,,TDMS_track_defects,,,,,,False,,,,,,,,,,,,,,,,,,,,,,,,,,,,,,,,,,,,
,,,,,,TDMS_track_defects,,,,,,False,,,,,,,,,,,,,,,,,,,,,,,,,,,,,,,,,,,,
,,,,,,TDMS_track_defects,,,,,,False,,,,,,,,,,,,,,,,,,,,,,,,,,,,,,,,,,,,
,,,,,,TDMS_track_defects,,,,,,False,,,,,,,,,,,,,,,,,,,,,,,,,,,,,,,,,,,,
,,,,,,TDMS_track_defects,,,,,,False,,,,,,,,,,,,,,,,,,,,,,,,,,,,,,,,,,,,
,,,,,,TDMS_track_defects,,,,,,False,,,,,,,,,,,,,,,,,,,,,,,,,,,,,,,,,,,,
,,,,,,TDMS_track_defects,,,,,,False,,,,,,,,,,,,,,,,,,,,,,,,,,,,,,,,,,,,
,,,,,,TDMS_track_defects,,,,,,False,,,,,,,,,,,,,,,,,,,,,,,,,,,,,,,,,,,,
,,,,,,TDMS_track_defects,,,,,,False,,,,,,,,,,,,,,,,,,,,,,,,,,,,,,,,,,,,
,,,,,,TDMS_track_defects,,,,,,False,,,,,,,,,,,,,,,,,,,,,,,,,,,,,,,,,,,,
,,,,,,TDMS_track_defects,,,,,,False,,,,,,,,,,,,,,,,,,,,,,,,,,,,,,,,,,,,
,,,,,,TDMS_track_defects,,,,,,False,,,,,,,,,,,,,,,,,,,,,,,,,,,,,,,,,,,,
,,,,,,TDMS_track_defects,,,,,,False,,,,,,,,,,,,,,,,,,,,,,,,,,,,,,,,,,,,
,,,,,,TDMS_track_defects,,,,,,False,,,,,,,,,,,,,,,,,,,,,,,,,,,,,,,,,,,,
,,,,,,TDMS_track_defects,,,,,,False,,,,,,,,,,,,,,,,,,,,,,,,,,,,,,,,,,,,
,,,,,,TDMS_track_defects,,,,,,False,,,,,,,,,,,,,,,,,,,,,,,,,,,,,,,,,,,,
,,,,,,TDMS_track_defects,,,,,,False,,,,,,,,,,,,,,,,,,,,,,,,,,,,,,,,,,,,
,,,,,,TDMS_track_defects,,,,,,False,,,,,,,,,,,,,,,,,,,,,,,,,,,,,,,,,,,,
,,,,,,TDMS_track_defects,,,,,,False,,,,,,,,,,,,,,,,,,,,,,,,,,,,,,,,,,,,
,,,,,,TDMS_track_defects,,,,,,False,,,,,,,,,,,,,,,,,,,,,,,,,,,,,,,,,,,,
,,,,,,TDMS_track_defects,,,,,,False,,,,,,,,,,,,,,,,,,,,,,,,,,,,,,,,,,,,
,,,,,,TDMS_track_defects,,,,,,False,,,,,,,,,,,,,,,,,,,,,,,,,,,,,,,,,,,,
,,,,,,TDMS_track_defects,,,,,,False,,,,,,,,,,,,,,,,,,,,,,,,,,,,,,,,,,,,
,,,,,,TDMS_track_defects,,,,,,False,,,,,,,,,,,,,,,,,,,,,,,,,,,,,,,,,,,,
,,,,,,TDMS_track_defects,,,,,,False,,,,,,,,,,,,,,,,,,,,,,,,,,,,,,,,,,,,
,,,,,,TDMS_track_defects,,,,,,False,,,,,,,,,,,,,,,,,,,,,,,,,,,,,,,,,,,,
,,,,,,TDMS_track_defects,,,,,,False,,,,,,,,,,,,,,,,,,,,,,,,,,,,,,,,,,,,
,,,,,,TDMS_track_defects,,,,,,False,,,,,,,,,,,,,,,,,,,,,,,,,,,,,,,,,,,,
,,,,,,TDMS_track_defects,,,,,,False,,,,,,,,,,,,,,,,,,,,,,,,,,,,,,,,,,,,
,,,,,,TDMS_track_defects,,,,,,False,,,,,,,,,,,,,,,,,,,,,,,,,,,,,,,,,,,,
,,,,,,TDMS_track_defects,,,,,,False,,,,,,,,,,,,,,,,,,,,,,,,,,,,,,,,,,,,
,,,,,,TDMS_track_defects,,,,,,False,,,,,,,,,,,,,,,,,,,,,,,,,,,,,,,,,,,,
,,,,,,TDMS_track_defects,,,,,,False,,,,,,,,,,,,,,,,,,,,,,,,,,,,,,,,,,,,
,,,,,,TDMS_track_defects,,,,,,False,,,,,,,,,,,,,,,,,,,,,,,,,,,,,,,,,,,,
,,,,,,TDMS_track_defects,,,,,,False,,,,,,,,,,,,,,,,,,,,,,,,,,,,,,,,,,,,
,,,,,,TDMS_track_defects,,,,,,False,,,,,,,,,,,,,,,,,,,,,,,,,,,,,,,,,,,,
,,,,,,TDMS_track_defects,,,,,,False,,,,,,,,,,,,,,,,,,,,,,,,,,,,,,,,,,,,
,,,,,,TDMS_track_defects,,,,,,False,,,,,,,,,,,,,,,,,,,,,,,,,,,,,,,,,,,,
,,,,,,TDMS_track_defects,,,,,,False,,,,,,,,,,,,,,,,,,,,,,,,,,,,,,,,,,,,
,,,,,,TDMS_track_defects,,,,,,False,,,,,,,,,,,,,,,,,,,,,,,,,,,,,,,,,,,,
,,,,,,TDMS_track_defects,,,,,,False,,,,,,,,,,,,,,,,,,,,,,,,,,,,,,,,,,,,
,,,,,,TDMS_track_defects,,,,,,False,,,,,,,,,,,,,,,,,,,,,,,,,,,,,,,,,,,,
,,,,,,TDMS_track_defects,,,,,,False,,,,,,,,,,,,,,,,,,,,,,,,,,,,,,,,,,,,
,,,,,,TDMS_track_defects,,,,,,False,,,,,,,,,,,,,,,,,,,,,,,,,,,,,,,,,,,,
,,,,,,TDMS_track_defects,,,,,,False,,,,,,,,,,,,,,,,,,,,,,,,,,,,,,,,,,,,
,,,,,,TDMS_track_defects,,,,,,False,,,,,,,,,,,,,,,,,,,,,,,,,,,,,,,,,,,,
,,,,,,TDMS_track_defects,,,,,,False,,,,,,,,,,,,,,,,,,,,,,,,,,,,,,,,,,,,
,,,,,,TDMS_track_defects,,,,,,False,,,,,,,,,,,,,,,,,,,,,,,,,,,,,,,,,,,,
,,,,,,TDMS_track_defects,,,,,,False,,,,,,,,,,,,,,,,,,,,,,,,,,,,,,,,,,,,
,,,,,,TDMS_track_defects,,,,,,False,,,,,,,,,,,,,,,,,,,,,,,,,,,,,,,,,,,,
,,,,,,TDMS_track_defects,,,,,,False,,,,,,,,,,,,,,,,,,,,,,,,,,,,,,,,,,,,
,,,,,,TDMS_track_defects,,,,,,False,,,,,,,,,,,,,,,,,,,,,,,,,,,,,,,,,,,,
,,,,,,TDMS_track_defects,,,,,,False,,,,,,,,,,,,,,,,,,,,,,,,,,,,,,,,,,,,
,,,,,,TDMS_track_defects,,,,,,False,,,,,,,,,,,,,,,,,,,,,,,,,,,,,,,,,,,,
,,,,,,TDMS_track_defects,,,,,,False,,,,,,,,,,,,,,,,,,,,,,,,,,,,,,,,,,,,
,,,,,,TDMS_track_defects,,,,,,False,,,,,,,,,,,,,,,,,,,,,,,,,,,,,,,,,,,,
,,,,,,TDMS_track_defects,,,,,,False,,,,,,,,,,,,,,,,,,,,,,,,,,,,,,,,,,,,
,,,,,,TDMS_track_defects,,,,,,False,,,,,,,,,,,,,,,,,,,,,,,,,,,,,,,,,,,,
,,,,,,TDMS_track_defects,,,,,,False,,,,,,,,,,,,,,,,,,,,,,,,,,,,,,,,,,,,
,,,,,,TDMS_track_defects,,,,,,False,,,,,,,,,,,,,,,,,,,,,,,,,,,,,,,,,,,,
,,,,,,TDMS_track_defects,,,,,,False,,,,,,,,,,,,,,,,,,,,,,,,,,,,,,,,,,,,
,,,,,,TDMS_track_defects,,,,,,False,,,,,,,,,,,,,,,,,,,,,,,,,,,,,,,,,,,,
,,,,,,TDMS_track_defects,,,,,,False,,,,,,,,,,,,,,,,,,,,,,,,,,,,,,,,,,,,
,,,,,,TDMS_track_defects,,,,,,False,,,,,,,,,,,,,,,,,,,,,,,,,,,,,,,,,,,,
,,,,,,TDMS_track_defects,,,,,,False,,,,,,,,,,,,,,,,,,,,,,,,,,,,,,,,,,,,
,,,,,,TDMS_track_defects,,,,,,False,,,,,,,,,,,,,,,,,,,,,,,,,,,,,,,,,,,,
,,,,,,TDMS_track_defects,,,,,,False,,,,,,,,,,,,,,,,,,,,,,,,,,,,,,,,,,,,
,,,,,,TDMS_track_defects,,,,,,False,,,,,,,,,,,,,,,,,,,,,,,,,,,,,,,,,,,,
,,,,,,TDMS_track_defects,,,,,,False,,,,,,,,,,,,,,,,,,,,,,,,,,,,,,,,,,,,
,,,,,,TDMS_track_defects,,,,,,False,,,,,,,,,,,,,,,,,,,,,,,,,,,,,,,,,,,,
,,,,,,TDMS_track_defects,,,,,,False,,,,,,,,,,,,,,,,,,,,,,,,,,,,,,,,,,,,
,,,,,,TDMS_track_defects,,,,,,False,,,,,,,,,,,,,,,,,,,,,,,,,,,,,,,,,,,,
,,,,,,TDMS_track_defects,,,,,,False,,,,,,,,,,,,,,,,,,,,,,,,,,,,,,,,,,,,
,,,,,,TDMS_track_defects,,,,,,False,,,,,,,,,,,,,,,,,,,,,,,,,,,,,,,,,,,,
,,,,,,TDMS_track_defects,,,,,,False,,,,,,,,,,,,,,,,,,,,,,,,,,,,,,,,,,,,
,,,,,,TDMS_track_defects,,,,,,False,,,,,,,,,,,,,,,,,,,,,,,,,,,,,,,,,,,,
,,,,,,TDMS_track_defects,,,,,,False,,,,,,,,,,,,,,,,,,,,,,,,,,,,,,,,,,,,
,,,,,,TDMS_track_defects,,,,,,False,,,,,,,,,,,,,,,,,,,,,,,,,,,,,,,,,,,,
,,,,,,TDMS_track_defects,,,,,,False,,,,,,,,,,,,,,,,,,,,,,,,,,,,,,,,,,,,
,,,,,,TDMS_track_defects,,,,,,False,,,,,,,,,,,,,,,,,,,,,,,,,,,,,,,,,,,,
,,,,,,TDMS_track_defects,,,,,,False,,,,,,,,,,,,,,,,,,,,,,,,,,,,,,,,,,,,
,,,,,,TDMS_track_defects,,,,,,False,,,,,,,,,,,,,,,,,,,,,,,,,,,,,,,,,,,,
,,,,,,TDMS_track_defects,,,,,,False,,,,,,,,,,,,,,,,,,,,,,,,,,,,,,,,,,,,
,,,,,,TDMS_track_defects,,,,,,False,,,,,,,,,,,,,,,,,,,,,,,,,,,,,,,,,,,,
,,,,,,TDMS_track_defects,,,,,,False,,,,,,,,,,,,,,,,,,,,,,,,,,,,,,,,,,,,
,,,,,,TDMS_track_defects,,,,,,False,,,,,,,,,,,,,,,,,,,,,,,,,,,,,,,,,,,,
,,,,,,TDMS_track_defects,,,,,,False,,,,,,,,,,,,,,,,,,,,,,,,,,,,,,,,,,,,
,,,,,,TDMS_track_defects,,,,,,False,,,,,,,,,,,,,,,,,,,,,,,,,,,,,,,,,,,,
,,,,,,TDMS_track_defects,,,,,,False,,,,,,,,,,,,,,,,,,,,,,,,,,,,,,,,,,,,
,,,,,,TDMS_track_defects,,,,,,False,,,,,,,,,,,,,,,,,,,,,,,,,,,,,,,,,,,,
,,,,,,TDMS_track_defects,,,,,,False,,,,,,,,,,,,,,,,,,,,,,,,,,,,,,,,,,,,
,,,,,,TDMS_track_defects,,,,,,False,,,,,,,,,,,,,,,,,,,,,,,,,,,,,,,,,,,,
,,,,,,TDMS_track_defects,,,,,,False,,,,,,,,,,,,,,,,,,,,,,,,,,,,,,,,,,,,
,,,,,,TDMS_track_defects,,,,,,False,,,,,,,,,,,,,,,,,,,,,,,,,,,,,,,,,,,,
,,,,,,TDMS_track_defects,,,,,,False,,,,,,,,,,,,,,,,,,,,,,,,,,,,,,,,,,,,
,,,,,,TDMS_track_defects,,,,,,False,,,,,,,,,,,,,,,,,,,,,,,,,,,,,,,,,,,,
,,,,,,TDMS_track_defects,,,,,,False,,,,,,,,,,,,,,,,,,,,,,,,,,,,,,,,,,,,
,,,,,,TDMS_track_defects,,,,,,False,,,,,,,,,,,,,,,,,,,,,,,,,,,,,,,,,,,,
,,,,,,TDMS_track_defects,,,,,,False,,,,,,,,,,,,,,,,,,,,,,,,,,,,,,,,,,,,
,,,,,,TDMS_track_defects,,,,,,False,,,,,,,,,,,,,,,,,,,,,,,,,,,,,,,,,,,,
,,,,,,TDMS_track_defects,,,,,,False,,,,,,,,,,,,,,,,,,,,,,,,,,,,,,,,,,,,
,,,,,,TDMS_track_defects,,,,,,False,,,,,,,,,,,,,,,,,,,,,,,,,,,,,,,,,,,,
,,,,,,TDMS_track_defects,,,,,,False,,,,,,,,,,,,,,,,,,,,,,,,,,,,,,,,,,,,
,,,,,,TDMS_track_defects,,,,,,False,,,,,,,,,,,,,,,,,,,,,,,,,,,,,,,,,,,,
,,,,,,TDMS_track_defects,,,,,,False,,,,,,,,,,,,,,,,,,,,,,,,,,,,,,,,,,,,
,,,,,,TDMS_track_defects,,,,,,False,,,,,,,,,,,,,,,,,,,,,,,,,,,,,,,,,,,,
,,,,,,TDMS_track_defects,,,,,,False,,,,,,,,,,,,,,,,,,,,,,,,,,,,,,,,,,,,
,,,,,,TDMS_track_defects,,,,,,False,,,,,,,,,,,,,,,,,,,,,,,,,,,,,,,,,,,,
,,,,,,TDMS_track_defects,,,,,,False,,,,,,,,,,,,,,,,,,,,,,,,,,,,,,,,,,,,
,,,,,,TDMS_track_defects,,,,,,False,,,,,,,,,,,,,,,,,,,,,,,,,,,,,,,,,,,,
,,,,,,TDMS_track_defects,,,,,,False,,,,,,,,,,,,,,,,,,,,,,,,,,,,,,,,,,,,
,,,,,,TDMS_track_defects,,,,,,False,,,,,,,,,,,,,,,,,,,,,,,,,,,,,,,,,,,,
,,,,,,TDMS_track_defects,,,,,,False,,,,,,,,,,,,,,,,,,,,,,,,,,,,,,,,,,,,
,,,,,,TDMS_track_defects,,,,,,False,,,,,,,,,,,,,,,,,,,,,,,,,,,,,,,,,,,,
,,,,,,TDMS_track_defects,,,,,,False,,,,,,,,,,,,,,,,,,,,,,,,,,,,,,,,,,,,
,,,,,,TDMS_track_defects,,,,,,False,,,,,,,,,,,,,,,,,,,,,,,,,,,,,,,,,,,,
,,,,,,TDMS_track_defects,,,,,,False,,,,,,,,,,,,,,,,,,,,,,,,,,,,,,,,,,,,
,,,,,,TDMS_track_defects,,,,,,False,,,,,,,,,,,,,,,,,,,,,,,,,,,,,,,,,,,,
,,,,,,TDMS_track_defects,,,,,,False,,,,,,,,,,,,,,,,,,,,,,,,,,,,,,,,,,,,
,,,,,,TDMS_track_defects,,,,,,False,,,,,,,,,,,,,,,,,,,,,,,,,,,,,,,,,,,,
,,,,,,TDMS_track_defects,,,,,,False,,,,,,,,,,,,,,,,,,,,,,,,,,,,,,,,,,,,
,,,,,,TDMS_track_defects,,,,,,False,,,,,,,,,,,,,,,,,,,,,,,,,,,,,,,,,,,,
,,,,,,TDMS_track_defects,,,,,,False,,,,,,,,,,,,,,,,,,,,,,,,,,,,,,,,,,,,
,,,,,,TDMS_track_defects,,,,,,False,,,,,,,,,,,,,,,,,,,,,,,,,,,,,,,,,,,,
,,,,,,TDMS_track_defects,,,,,,False,,,,,,,,,,,,,,,,,,,,,,,,,,,,,,,,,,,,
,,,,,,TDMS_track_defects,,,,,,False,,,,,,,,,,,,,,,,,,,,,,,,,,,,,,,,,,,,
,,,,,,TDMS_track_defects,,,,,,False,,,,,,,,,,,,,,,,,,,,,,,,,,,,,,,,,,,,
,,,,,,TDMS_track_defects,,,,,,False,,,,,,,,,,,,,,,,,,,,,,,,,,,,,,,,,,,,
,,,,,,TDMS_track_defects,,,,,,False,,,,,,,,,,,,,,,,,,,,,,,,,,,,,,,,,,,,
,,,,,,TDMS_track_defects,,,,,,False,,,,,,,,,,,,,,,,,,,,,,,,,,,,,,,,,,,,
,,,,,,TDMS_track_defects,,,,,,False,,,,,,,,,,,,,,,,,,,,,,,,,,,,,,,,,,,,
,,,,,,TDMS_track_defects,,,,,,False,,,,,,,,,,,,,,,,,,,,,,,,,,,,,,,,,,,,
,,,,,,TDMS_track_defects,,,,,,False,,,,,,,,,,,,,,,,,,,,,,,,,,,,,,,,,,,,
,,,,,,TDMS_track_defects,,,,,,False,,,,,,,,,,,,,,,,,,,,,,,,,,,,,,,,,,,,
,,,,,,TDMS_track_defects,,,,,,False,,,,,,,,,,,,,,,,,,,,,,,,,,,,,,,,,,,,
,,,,,,TDMS_track_defects,,,,,,False,,,,,,,,,,,,,,,,,,,,,,,,,,,,,,,,,,,,
,,,,,,TDMS_track_defects,,,,,,False,,,,,,,,,,,,,,,,,,,,,,,,,,,,,,,,,,,,
,,,,,,TDMS_track_defects,,,,,,False,,,,,,,,,,,,,,,,,,,,,,,,,,,,,,,,,,,,
,,,,,,TDMS_track_defects,,,,,,False,,,,,,,,,,,,,,,,,,,,,,,,,,,,,,,,,,,,
,,,,,,TDMS_track_defects,,,,,,False,,,,,,,,,,,,,,,,,,,,,,,,,,,,,,,,,,,,
,,,,,,TDMS_track_defects,,,,,,False,,,,,,,,,,,,,,,,,,,,,,,,,,,,,,,,,,,,
,,,,,,TDMS_track_defects,,,,,,False,,,,,,,,,,,,,,,,,,,,,,,,,,,,,,,,,,,,
,,,,,,TDMS_track_defects,,,,,,False,,,,,,,,,,,,,,,,,,,,,,,,,,,,,,,,,,,,
,,,,,,TDMS_track_defects,,,,,,False,,,,,,,,,,,,,,,,,,,,,,,,,,,,,,,,,,,,
,,,,,,TDMS_track_defects,,,,,,False,,,,,,,,,,,,,,,,,,,,,,,,,,,,,,,,,,,,
,,,,,,TDMS_track_defects,,,,,,False,,,,,,,,,,,,,,,,,,,,,,,,,,,,,,,,,,,,
,,,,,,TDMS_track_defects,,,,,,False,,,,,,,,,,,,,,,,,,,,,,,,,,,,,,,,,,,,
,,,,,,TDMS_track_defects,,,,,,False,,,,,,,,,,,,,,,,,,,,,,,,,,,,,,,,,,,,
,,,,,,TDMS_track_defects,,,,,,False,,,,,,,,,,,,,,,,,,,,,,,,,,,,,,,,,,,,
,,,,,,TDMS_track_defects,,,,,,False,,,,,,,,,,,,,,,,,,,,,,,,,,,,,,,,,,,,
,,,,,,TDMS_track_defects,,,,,,False,,,,,,,,,,,,,,,,,,,,,,,,,,,,,,,,,,,,
,,,,,,TDMS_track_defects,,,,,,False,,,,,,,,,,,,,,,,,,,,,,,,,,,,,,,,,,,,
,,,,,,TDMS_track_defects,,,,,,False,,,,,,,,,,,,,,,,,,,,,,,,,,,,,,,,,,,,
,,,,,,TDMS_track_defects,,,,,,False,,,,,,,,,,,,,,,,,,,,,,,,,,,,,,,,,,,,
,,,,,,TDMS_track_defects,,,,,,False,,,,,,,,,,,,,,,,,,,,,,,,,,,,,,,,,,,,
,,,,,,TDMS_track_defects,,,,,,False,,,,,,,,,,,,,,,,,,,,,,,,,,,,,,,,,,,,
,,,,,,TDMS_track_defects,,,,,,False,,,,,,,,,,,,,,,,,,,,,,,,,,,,,,,,,,,,
,,,,,,TDMS_track_defects,,,,,,False,,,,,,,,,,,,,,,,,,,,,,,,,,,,,,,,,,,,
,,,,,,TDMS_track_defects,,,,,,False,,,,,,,,,,,,,,,,,,,,,,,,,,,,,,,,,,,,
,,,,,,TDMS_track_defects,,,,,,False,,,,,,,,,,,,,,,,,,,,,,,,,,,,,,,,,,,,
,,,,,,TDMS_track_defects,,,,,,False,,,,,,,,,,,,,,,,,,,,,,,,,,,,,,,,,,,,
,,,,,,TDMS_track_defects,,,,,,False,,,,,,,,,,,,,,,,,,,,,,,,,,,,,,,,,,,,
,,,,,,TDMS_track_defects,,,,,,False,,,,,,,,,,,,,,,,,,,,,,,,,,,,,,,,,,,,
,,,,,,TDMS_track_defects,,,,,,False,,,,,,,,,,,,,,,,,,,,,,,,,,,,,,,,,,,,
,,,,,,TDMS_track_defects,,,,,,False,,,,,,,,,,,,,,,,,,,,,,,,,,,,,,,,,,,,
,,,,,,TDMS_track_defects,,,,,,False,,,,,,,,,,,,,,,,,,,,,,,,,,,,,,,,,,,,
,,,,,,TDMS_track_defects,,,,,,False,,,,,,,,,,,,,,,,,,,,,,,,,,,,,,,,,,,,
,,,,,,TDMS_track_defects,,,,,,False,,,,,,,,,,,,,,,,,,,,,,,,,,,,,,,,,,,,
,,,,,,TDMS_track_defects,,,,,,False,,,,,,,,,,,,,,,,,,,,,,,,,,,,,,,,,,,,
,,,,,,TDMS_track_defects,,,,,,False,,,,,,,,,,,,,,,,,,,,,,,,,,,,,,,,,,,,
,,,,,,TDMS_track_defects,,,,,,False,,,,,,,,,,,,,,,,,,,,,,,,,,,,,,,,,,,,
,,,,,,TDMS_track_defects,,,,,,False,,,,,,,,,,,,,,,,,,,,,,,,,,,,,,,,,,,,
,,,,,,TDMS_track_defects,,,,,,False,,,,,,,,,,,,,,,,,,,,,,,,,,,,,,,,,,,,
,,,,,,TDMS_track_defects,,,,,,False,,,,,,,,,,,,,,,,,,,,,,,,,,,,,,,,,,,,
,,,,,,TDMS_track_defects,,,,,,False,,,,,,,,,,,,,,,,,,,,,,,,,,,,,,,,,,,,
,,,,,,TDMS_track_defects,,,,,,False,,,,,,,,,,,,,,,,,,,,,,,,,,,,,,,,,,,,
,,,,,,TDMS_track_defects,,,,,,False,,,,,,,,,,,,,,,,,,,,,,,,,,,,,,,,,,,,
,,,,,,TDMS_track_defects,,,,,,False,,,,,,,,,,,,,,,,,,,,,,,,,,,,,,,,,,,,
,,,,,,TDMS_track_defects,,,,,,False,,,,,,,,,,,,,,,,,,,,,,,,,,,,,,,,,,,,
,,,,,,TDMS_track_defects,,,,,,False,,,,,,,,,,,,,,,,,,,,,,,,,,,,,,,,,,,,
,,,,,,TDMS_track_defects,,,,,,False,,,,,,,,,,,,,,,,,,,,,,,,,,,,,,,,,,,,
,,,,,,TDMS_track_defects,,,,,,False,,,,,,,,,,,,,,,,,,,,,,,,,,,,,,,,,,,,
,,,,,,TDMS_track_defects,,,,,,False,,,,,,,,,,,,,,,,,,,,,,,,,,,,,,,,,,,,
,,,,,,TDMS_track_defects,,,,,,False,,,,,,,,,,,,,,,,,,,,,,,,,,,,,,,,,,,,
,,,,,,TDMS_track_defects,,,,,,False,,,,,,,,,,,,,,,,,,,,,,,,,,,,,,,,,,,,
,,,,,,TDMS_track_defects,,,,,,False,,,,,,,,,,,,,,,,,,,,,,,,,,,,,,,,,,,,
,,,,,,TDMS_track_defects,,,,,,False,,,,,,,,,,,,,,,,,,,,,,,,,,,,,,,,,,,,
,,,,,,TDMS_track_defects,,,,,,False,,,,,,,,,,,,,,,,,,,,,,,,,,,,,,,,,,,,
,,,,,,TDMS_track_defects,,,,,,False,,,,,,,,,,,,,,,,,,,,,,,,,,,,,,,,,,,,
,,,,,,TDMS_track_defects,,,,,,False,,,,,,,,,,,,,,,,,,,,,,,,,,,,,,,,,,,,
,,,,,,TDMS_track_defects,,,,,,False,,,,,,,,,,,,,,,,,,,,,,,,,,,,,,,,,,,,
,,,,,,TDMS_track_defects,,,,,,False,,,,,,,,,,,,,,,,,,,,,,,,,,,,,,,,,,,,
,,,,,,TDMS_track_defects,,,,,,False,,,,,,,,,,,,,,,,,,,,,,,,,,,,,,,,,,,,
,,,,,,TDMS_track_defects,,,,,,False,,,,,,,,,,,,,,,,,,,,,,,,,,,,,,,,,,,,
,,,,,,TDMS_track_defects,,,,,,False,,,,,,,,,,,,,,,,,,,,,,,,,,,,,,,,,,,,
,,,,,,TDMS_track_defects,,,,,,False,,,,,,,,,,,,,,,,,,,,,,,,,,,,,,,,,,,,
,,,,,,TDMS_track_defects,,,,,,False,,,,,,,,,,,,,,,,,,,,,,,,,,,,,,,,,,,,
,,,,,,TDMS_track_defects,,,,,,False,,,,,,,,,,,,,,,,,,,,,,,,,,,,,,,,,,,,
,,,,,,TDMS_track_defects,,,,,,False,,,,,,,,,,,,,,,,,,,,,,,,,,,,,,,,,,,,
,,,,,,TDMS_track_defects,,,,,,False,,,,,,,,,,,,,,,,,,,,,,,,,,,,,,,,,,,,
,,,,,,TDMS_track_defects,,,,,,False,,,,,,,,,,,,,,,,,,,,,,,,,,,,,,,,,,,,
,,,,,,TDMS_track_defects,,,,,,False,,,,,,,,,,,,,,,,,,,,,,,,,,,,,,,,,,,,
,,,,,,TDMS_track_defects,,,,,,False,,,,,,,,,,,,,,,,,,,,,,,,,,,,,,,,,,,,
,,,,,,TDMS_track_defects,,,,,,False,,,,,,,,,,,,,,,,,,,,,,,,,,,,,,,,,,,,
,,,,,,TDMS_track_defects,,,,,,False,,,,,,,,,,,,,,,,,,,,,,,,,,,,,,,,,,,,
,,,,,,TDMS_track_defects,,,,,,False,,,,,,,,,,,,,,,,,,,,,,,,,,,,,,,,,,,,
,,,,,,TDMS_track_defects,,,,,,False,,,,,,,,,,,,,,,,,,,,,,,,,,,,,,,,,,,,
,,,,,,TDMS_track_defects,,,,,,False,,,,,,,,,,,,,,,,,,,,,,,,,,,,,,,,,,,,
,,,,,,TDMS_track_defects,,,,,,False,,,,,,,,,,,,,,,,,,,,,,,,,,,,,,,,,,,,
,,,,,,TDMS_track_defects,,,,,,False,,,,,,,,,,,,,,,,,,,,,,,,,,,,,,,,,,,,
,,,,,,TDMS_track_defects,,,,,,False,,,,,,,,,,,,,,,,,,,,,,,,,,,,,,,,,,,,
,,,,,,TDMS_track_defects,,,,,,False,,,,,,,,,,,,,,,,,,,,,,,,,,,,,,,,,,,,
,,,,,,TDMS_track_defects,,,,,,False,,,,,,,,,,,,,,,,,,,,,,,,,,,,,,,,,,,,
,,,,,,TDMS_track_defects,,,,,,False,,,,,,,,,,,,,,,,,,,,,,,,,,,,,,,,,,,,
,,,,,,TDMS_track_defects,,,,,,False,,,,,,,,,,,,,,,,,,,,,,,,,,,,,,,,,,,,
,,,,,,TDMS_track_defects,,,,,,False,,,,,,,,,,,,,,,,,,,,,,,,,,,,,,,,,,,,
,,,,,,TDMS_track_defects,,,,,,False,,,,,,,,,,,,,,,,,,,,,,,,,,,,,,,,,,,,
,,,,,,TDMS_track_defects,,,,,,False,,,,,,,,,,,,,,,,,,,,,,,,,,,,,,,,,,,,
,,,,,,TDMS_track_defects,,,,,,False,,,,,,,,,,,,,,,,,,,,,,,,,,,,,,,,,,,,
,,,,,,TDMS_track_defects,,,,,,False,,,,,,,,,,,,,,,,,,,,,,,,,,,,,,,,,,,,
,,,,,,TDMS_track_defects,,,,,,False,,,,,,,,,,,,,,,,,,,,,,,,,,,,,,,,,,,,
,,,,,,TDMS_track_defects,,,,,,False,,,,,,,,,,,,,,,,,,,,,,,,,,,,,,,,,,,,
,,,,,,TDMS_track_defects,,,,,,False,,,,,,,,,,,,,,,,,,,,,,,,,,,,,,,,,,,,
,,,,,,TDMS_track_defects,,,,,,False,,,,,,,,,,,,,,,,,,,,,,,,,,,,,,,,,,,,
,,,,,,TDMS_track_defects,,,,,,False,,,,,,,,,,,,,,,,,,,,,,,,,,,,,,,,,,,,
,,,,,,TDMS_track_defects,,,,,,False,,,,,,,,,,,,,,,,,,,,,,,,,,,,,,,,,,,,
,,,,,,TDMS_track_defects,,,,,,False,,,,,,,,,,,,,,,,,,,,,,,,,,,,,,,,,,,,
,,,,,,TDMS_track_defects,,,,,,False,,,,,,,,,,,,,,,,,,,,,,,,,,,,,,,,,,,,
,,,,,,TDMS_track_defects,,,,,,False,,,,,,,,,,,,,,,,,,,,,,,,,,,,,,,,,,,,
,,,,,,TDMS_track_defects,,,,,,False,,,,,,,,,,,,,,,,,,,,,,,,,,,,,,,,,,,,
,,,,,,TDMS_track_defects,,,,,,False,,,,,,,,,,,,,,,,,,,,,,,,,,,,,,,,,,,,
,,,,,,TDMS_track_defects,,,,,,False,,,,,,,,,,,,,,,,,,,,,,,,,,,,,,,,,,,,
,,,,,,TDMS_track_defects,,,,,,False,,,,,,,,,,,,,,,,,,,,,,,,,,,,,,,,,,,,
,,,,,,TDMS_track_defects,,,,,,False,,,,,,,,,,,,,,,,,,,,,,,,,,,,,,,,,,,,
,,,,,,TDMS_track_defects,,,,,,False,,,,,,,,,,,,,,,,,,,,,,,,,,,,,,,,,,,,
,,,,,,TDMS_track_defects,,,,,,False,,,,,,,,,,,,,,,,,,,,,,,,,,,,,,,,,,,,
,,,,,,TDMS_track_defects,,,,,,False,,,,,,,,,,,,,,,,,,,,,,,,,,,,,,,,,,,,
,,,,,,TDMS_track_defects,,,,,,False,,,,,,,,,,,,,,,,,,,,,,,,,,,,,,,,,,,,
,,,,,,TDMS_track_defects,,,,,,False,,,,,,,,,,,,,,,,,,,,,,,,,,,,,,,,,,,,
,,,,,,TDMS_track_defects,,,,,,False,,,,,,,,,,,,,,,,,,,,,,,,,,,,,,,,,,,,
,,,,,,TDMS_track_defects,,,,,,False,,,,,,,,,,,,,,,,,,,,,,,,,,,,,,,,,,,,
,,,,,,TDMS_track_defects,,,,,,False,,,,,,,,,,,,,,,,,,,,,,,,,,,,,,,,,,,,
,,,,,,TDMS_track_defects,,,,,,False,,,,,,,,,,,,,,,,,,,,,,,,,,,,,,,,,,,,
,,,,,,TDMS_track_defects,,,,,,False,,,,,,,,,,,,,,,,,,,,,,,,,,,,,,,,,,,,
,,,,,,TDMS_track_defects,,,,,,False,,,,,,,,,,,,,,,,,,,,,,,,,,,,,,,,,,,,
,,,,,,TDMS_track_defects,,,,,,False,,,,,,,,,,,,,,,,,,,,,,,,,,,,,,,,,,,,
,,,,,,TDMS_track_defects,,,,,,False,,,,,,,,,,,,,,,,,,,,,,,,,,,,,,,,,,,,
,,,,,,TDMS_track_defects,,,,,,False,,,,,,,,,,,,,,,,,,,,,,,,,,,,,,,,,,,,
,,,,,,TDMS_track_defects,,,,,,False,,,,,,,,,,,,,,,,,,,,,,,,,,,,,,,,,,,,
,,,,,,TDMS_track_defects,,,,,,False,,,,,,,,,,,,,,,,,,,,,,,,,,,,,,,,,,,,
,,,,,,TDMS_track_defects,,,,,,False,,,,,,,,,,,,,,,,,,,,,,,,,,,,,,,,,,,,
,,,,,,TDMS_track_defects,,,,,,False,,,,,,,,,,,,,,,,,,,,,,,,,,,,,,,,,,,,
,,,,,,TDMS_track_defects,,,,,,False,,,,,,,,,,,,,,,,,,,,,,,,,,,,,,,,,,,,
,,,,,,TDMS_track_defects,,,,,,False,,,,,,,,,,,,,,,,,,,,,,,,,,,,,,,,,,,,
,,,,,,TDMS_track_defects,,,,,,False,,,,,,,,,,,,,,,,,,,,,,,,,,,,,,,,,,,,
,,,,,,TDMS_track_defects,,,,,,False,,,,,,,,,,,,,,,,,,,,,,,,,,,,,,,,,,,,
,,,,,,TDMS_track_defects,,,,,,False,,,,,,,,,,,,,,,,,,,,,,,,,,,,,,,,,,,,
,,,,,,TDMS_track_defects,,,,,,False,,,,,,,,,,,,,,,,,,,,,,,,,,,,,,,,,,,,
,,,,,,TDMS_track_defects,,,,,,False,,,,,,,,,,,,,,,,,,,,,,,,,,,,,,,,,,,,
,,,,,,TDMS_track_defects,,,,,,False,,,,,,,,,,,,,,,,,,,,,,,,,,,,,,,,,,,,
,,,,,,TDMS_track_defects,,,,,,False,,,,,,,,,,,,,,,,,,,,,,,,,,,,,,,,,,,,
,,,,,,TDMS_track_defects,,,,,,False,,,,,,,,,,,,,,,,,,,,,,,,,,,,,,,,,,,,
,,,,,,TDMS_track_defects,,,,,,False,,,,,,,,,,,,,,,,,,,,,,,,,,,,,,,,,,,,
,,,,,,TDMS_track_defects,,,,,,False,,,,,,,,,,,,,,,,,,,,,,,,,,,,,,,,,,,,
,,,,,,TDMS_track_defects,,,,,,False,,,,,,,,,,,,,,,,,,,,,,,,,,,,,,,,,,,,
,,,,,,TDMS_track_defects,,,,,,False,,,,,,,,,,,,,,,,,,,,,,,,,,,,,,,,,,,,
,,,,,,TDMS_track_defects,,,,,,False,,,,,,,,,,,,,,,,,,,,,,,,,,,,,,,,,,,,
,,,,,,TDMS_track_defects,,,,,,False,,,,,,,,,,,,,,,,,,,,,,,,,,,,,,,,,,,,
,,,,,,TDMS_track_defects,,,,,,False,,,,,,,,,,,,,,,,,,,,,,,,,,,,,,,,,,,,
,,,,,,TDMS_track_defects,,,,,,False,,,,,,,,,,,,,,,,,,,,,,,,,,,,,,,,,,,,
,,,,,,TDMS_track_defects,,,,,,False,,,,,,,,,,,,,,,,,,,,,,,,,,,,,,,,,,,,
,,,,,,TDMS_track_defects,,,,,,False,,,,,,,,,,,,,,,,,,,,,,,,,,,,,,,,,,,,
,,,,,,TDMS_track_defects,,,,,,False,,,,,,,,,,,,,,,,,,,,,,,,,,,,,,,,,,,,
,,,,,,TDMS_track_defects,,,,,,False,,,,,,,,,,,,,,,,,,,,,,,,,,,,,,,,,,,,
,,,,,,TDMS_track_defects,,,,,,False,,,,,,,,,,,,,,,,,,,,,,,,,,,,,,,,,,,,
,,,,,,TDMS_track_defects,,,,,,False,,,,,,,,,,,,,,,,,,,,,,,,,,,,,,,,,,,,
,,,,,,TDMS_track_defects,,,,,,False,,,,,,,,,,,,,,,,,,,,,,,,,,,,,,,,,,,,
,,,,,,TDMS_track_defects,,,,,,False,,,,,,,,,,,,,,,,,,,,,,,,,,,,,,,,,,,,
,,,,,,TDMS_track_defects,,,,,,False,,,,,,,,,,,,,,,,,,,,,,,,,,,,,,,,,,,,
,,,,,,TDMS_track_defects,,,,,,False,,,,,,,,,,,,,,,,,,,,,,,,,,,,,,,,,,,,
,,,,,,TDMS_track_defects,,,,,,False,,,,,,,,,,,,,,,,,,,,,,,,,,,,,,,,,,,,
,,,,,,TDMS_track_defects,,,,,,False,,,,,,,,,,,,,,,,,,,,,,,,,,,,,,,,,,,,
,,,,,,TDMS_track_defects,,,,,,False,,,,,,,,,,,,,,,,,,,,,,,,,,,,,,,,,,,,
,,,,,,TDMS_track_defects,,,,,,False,,,,,,,,,,,,,,,,,,,,,,,,,,,,,,,,,,,,
,,,,,,TDMS_track_defects,,,,,,False,,,,,,,,,,,,,,,,,,,,,,,,,,,,,,,,,,,,
,,,,,,TDMS_track_defects,,,,,,False,,,,,,,,,,,,,,,,,,,,,,,,,,,,,,,,,,,,
,,,,,,TDMS_track_defects,,,,,,False,,,,,,,,,,,,,,,,,,,,,,,,,,,,,,,,,,,,
,,,,,,TDMS_track_defects,,,,,,False,,,,,,,,,,,,,,,,,,,,,,,,,,,,,,,,,,,,
,,,,,,TDMS_track_defects,,,,,,False,,,,,,,,,,,,,,,,,,,,,,,,,,,,,,,,,,,,
,,,,,,TDMS_track_defects,,,,,,False,,,,,,,,,,,,,,,,,,,,,,,,,,,,,,,,,,,,
,,,,,,TDMS_track_defects,,,,,,False,,,,,,,,,,,,,,,,,,,,,,,,,,,,,,,,,,,,
,,,,,,TDMS_track_defects,,,,,,False,,,,,,,,,,,,,,,,,,,,,,,,,,,,,,,,,,,,
,,,,,,TDMS_track_defects,,,,,,False,,,,,,,,,,,,,,,,,,,,,,,,,,,,,,,,,,,,
,,,,,,TDMS_track_defects,,,,,,False,,,,,,,,,,,,,,,,,,,,,,,,,,,,,,,,,,,,
,,,,,,TDMS_track_defects,,,,,,False,,,,,,,,,,,,,,,,,,,,,,,,,,,,,,,,,,,,
,,,,,,TDMS_track_defects,,,,,,False,,,,,,,,,,,,,,,,,,,,,,,,,,,,,,,,,,,,
,,,,,,TDMS_track_defects,,,,,,False,,,,,,,,,,,,,,,,,,,,,,,,,,,,,,,,,,,,
,,,,,,TDMS_track_defects,,,,,,False,,,,,,,,,,,,,,,,,,,,,,,,,,,,,,,,,,,,
,,,,,,TDMS_track_defects,,,,,,False,,,,,,,,,,,,,,,,,,,,,,,,,,,,,,,,,,,,
,,,,,,TDMS_track_defects,,,,,,False,,,,,,,,,,,,,,,,,,,,,,,,,,,,,,,,,,,,
,,,,,,TDMS_track_defects,,,,,,False,,,,,,,,,,,,,,,,,,,,,,,,,,,,,,,,,,,,
,,,,,,TDMS_track_defects,,,,,,False,,,,,,,,,,,,,,,,,,,,,,,,,,,,,,,,,,,,
,,,,,,TDMS_track_defects,,,,,,False,,,,,,,,,,,,,,,,,,,,,,,,,,,,,,,,,,,,
,,,,,,TDMS_track_defects,,,,,,False,,,,,,,,,,,,,,,,,,,,,,,,,,,,,,,,,,,,
,,,,,,TDMS_track_defects,,,,,,False,,,,,,,,,,,,,,,,,,,,,,,,,,,,,,,,,,,,
,,,,,,TDMS_track_defects,,,,,,False,,,,,,,,,,,,,,,,,,,,,,,,,,,,,,,,,,,,
,,,,,,TDMS_track_defects,,,,,,False,,,,,,,,,,,,,,,,,,,,,,,,,,,,,,,,,,,,
,,,,,,TDMS_track_defects,,,,,,False,,,,,,,,,,,,,,,,,,,,,,,,,,,,,,,,,,,,
,,,,,,TDMS_track_defects,,,,,,False,,,,,,,,,,,,,,,,,,,,,,,,,,,,,,,,,,,,
,,,,,,TDMS_track_defects,,,,,,False,,,,,,,,,,,,,,,,,,,,,,,,,,,,,,,,,,,,
,,,,,,TDMS_track_defects,,,,,,False,,,,,,,,,,,,,,,,,,,,,,,,,,,,,,,,,,,,
,,,,,,TDMS_track_defects,,,,,,False,,,,,,,,,,,,,,,,,,,,,,,,,,,,,,,,,,,,
,,,,,,TDMS_track_defects,,,,,,False,,,,,,,,,,,,,,,,,,,,,,,,,,,,,,,,,,,,
,,,,,,TDMS_track_defects,,,,,,False,,,,,,,,,,,,,,,,,,,,,,,,,,,,,,,,,,,,
,,,,,,TDMS_track_defects,,,,,,False,,,,,,,,,,,,,,,,,,,,,,,,,,,,,,,,,,,,
,,,,,,TDMS_track_defects,,,,,,False,,,,,,,,,,,,,,,,,,,,,,,,,,,,,,,,,,,,
,,,,,,TDMS_track_defects,,,,,,False,,,,,,,,,,,,,,,,,,,,,,,,,,,,,,,,,,,,
,,,,,,TDMS_track_defects,,,,,,False,,,,,,,,,,,,,,,,,,,,,,,,,,,,,,,,,,,,
,,,,,,TDMS_track_defects,,,,,,False,,,,,,,,,,,,,,,,,,,,,,,,,,,,,,,,,,,,
,,,,,,TDMS_track_defects,,,,,,False,,,,,,,,,,,,,,,,,,,,,,,,,,,,,,,,,,,,
,,,,,,TDMS_track_defects,,,,,,False,,,,,,,,,,,,,,,,,,,,,,,,,,,,,,,,,,,,
,,,,,,TDMS_track_defects,,,,,,False,,,,,,,,,,,,,,,,,,,,,,,,,,,,,,,,,,,,
,,,,,,TDMS_track_defects,,,,,,False,,,,,,,,,,,,,,,,,,,,,,,,,,,,,,,,,,,,
,,,,,,TDMS_track_defects,,,,,,False,,,,,,,,,,,,,,,,,,,,,,,,,,,,,,,,,,,,
,,,,,,TDMS_track_defects,,,,,,False,,,,,,,,,,,,,,,,,,,,,,,,,,,,,,,,,,,,
,,,,,,TDMS_track_defects,,,,,,False,,,,,,,,,,,,,,,,,,,,,,,,,,,,,,,,,,,,
,,,,,,TDMS_track_defects,,,,,,False,,,,,,,,,,,,,,,,,,,,,,,,,,,,,,,,,,,,
,,,,,,TDMS_track_defects,,,,,,False,,,,,,,,,,,,,,,,,,,,,,,,,,,,,,,,,,,,
,,,,,,TDMS_track_defects,,,,,,False,,,,,,,,,,,,,,,,,,,,,,,,,,,,,,,,,,,,
,,,,,,TDMS_track_defects,,,,,,False,,,,,,,,,,,,,,,,,,,,,,,,,,,,,,,,,,,,
,,,,,,TDMS_track_defects,,,,,,False,,,,,,,,,,,,,,,,,,,,,,,,,,,,,,,,,,,,
,,,,,,TDMS_track_defects,,,,,,False,,,,,,,,,,,,,,,,,,,,,,,,,,,,,,,,,,,,
,,,,,,TDMS_track_defects,,,,,,False,,,,,,,,,,,,,,,,,,,,,,,,,,,,,,,,,,,,
,,,,,,TDMS_track_defects,,,,,,False,,,,,,,,,,,,,,,,,,,,,,,,,,,,,,,,,,,,
,,,,,,TDMS_track_defects,,,,,,False,,,,,,,,,,,,,,,,,,,,,,,,,,,,,,,,,,,,
,,,,,,TDMS_track_defects,,,,,,False,,,,,,,,,,,,,,,,,,,,,,,,,,,,,,,,,,,,
,,,,,,TDMS_track_defects,,,,,,False,,,,,,,,,,,,,,,,,,,,,,,,,,,,,,,,,,,,
,,,,,,TDMS_track_defects,,,,,,False,,,,,,,,,,,,,,,,,,,,,,,,,,,,,,,,,,,,
,,,,,,TDMS_track_defects,,,,,,False,,,,,,,,,,,,,,,,,,,,,,,,,,,,,,,,,,,,
,,,,,,TDMS_track_defects,,,,,,False,,,,,,,,,,,,,,,,,,,,,,,,,,,,,,,,,,,,
,,,,,,TDMS_track_defects,,,,,,False,,,,,,,,,,,,,,,,,,,,,,,,,,,,,,,,,,,,
,,,,,,TDMS_track_defects,,,,,,False,,,,,,,,,,,,,,,,,,,,,,,,,,,,,,,,,,,,
,,,,,,TDMS_track_defects,,,,,,False,,,,,,,,,,,,,,,,,,,,,,,,,,,,,,,,,,,,
,,,,,,TDMS_track_defects,,,,,,False,,,,,,,,,,,,,,,,,,,,,,,,,,,,,,,,,,,,
,,,,,,TDMS_track_defects,,,,,,False,,,,,,,,,,,,,,,,,,,,,,,,,,,,,,,,,,,,
,,,,,,TDMS_track_defects,,,,,,False,,,,,,,,,,,,,,,,,,,,,,,,,,,,,,,,,,,,
,,,,,,TDMS_track_defects,,,,,,False,,,,,,,,,,,,,,,,,,,,,,,,,,,,,,,,,,,,
,,,,,,TDMS_track_defects,,,,,,False,,,,,,,,,,,,,,,,,,,,,,,,,,,,,,,,,,,,
,,,,,,TDMS_track_defects,,,,,,False,,,,,,,,,,,,,,,,,,,,,,,,,,,,,,,,,,,,
,,,,,,TDMS_track_defects,,,,,,False,,,,,,,,,,,,,,,,,,,,,,,,,,,,,,,,,,,,
,,,,,,TDMS_track_defects,,,,,,False,,,,,,,,,,,,,,,,,,,,,,,,,,,,,,,,,,,,
,,,,,,TDMS_track_defects,,,,,,False,,,,,,,,,,,,,,,,,,,,,,,,,,,,,,,,,,,,
,,,,,,TDMS_track_defects,,,,,,False,,,,,,,,,,,,,,,,,,,,,,,,,,,,,,,,,,,,
,,,,,,TDMS_track_defects,,,,,,False,,,,,,,,,,,,,,,,,,,,,,,,,,,,,,,,,,,,
,,,,,,TDMS_track_defects,,,,,,False,,,,,,,,,,,,,,,,,,,,,,,,,,,,,,,,,,,,
,,,,,,TDMS_track_defects,,,,,,False,,,,,,,,,,,,,,,,,,,,,,,,,,,,,,,,,,,,
,,,,,,TDMS_track_defects,,,,,,False,,,,,,,,,,,,,,,,,,,,,,,,,,,,,,,,,,,,
,,,,,,TDMS_track_defects,,,,,,False,,,,,,,,,,,,,,,,,,,,,,,,,,,,,,,,,,,,
,,,,,,TDMS_track_defects,,,,,,False,,,,,,,,,,,,,,,,,,,,,,,,,,,,,,,,,,,,
,,,,,,TDMS_track_defects,,,,,,False,,,,,,,,,,,,,,,,,,,,,,,,,,,,,,,,,,,,
,,,,,,TDMS_track_defects,,,,,,False,,,,,,,,,,,,,,,,,,,,,,,,,,,,,,,,,,,,
,,,,,,TDMS_track_defects,,,,,,False,,,,,,,,,,,,,,,,,,,,,,,,,,,,,,,,,,,,
,,,,,,TDMS_track_defects,,,,,,False,,,,,,,,,,,,,,,,,,,,,,,,,,,,,,,,,,,,
,,,,,,TDMS_track_defects,,,,,,False,,,,,,,,,,,,,,,,,,,,,,,,,,,,,,,,,,,,
,,,,,,TDMS_track_defects,,,,,,False,,,,,,,,,,,,,,,,,,,,,,,,,,,,,,,,,,,,
,,,,,,TDMS_track_defects,,,,,,False,,,,,,,,,,,,,,,,,,,,,,,,,,,,,,,,,,,,
,,,,,,TDMS_track_defects,,,,,,False,,,,,,,,,,,,,,,,,,,,,,,,,,,,,,,,,,,,
,,,,,,TDMS_track_defects,,,,,,False,,,,,,,,,,,,,,,,,,,,,,,,,,,,,,,,,,,,
,,,,,,TDMS_track_defects,,,,,,False,,,,,,,,,,,,,,,,,,,,,,,,,,,,,,,,,,,,
,,,,,,TDMS_track_defects,,,,,,False,,,,,,,,,,,,,,,,,,,,,,,,,,,,,,,,,,,,
,,,,,,TDMS_track_defects,,,,,,False,,,,,,,,,,,,,,,,,,,,,,,,,,,,,,,,,,,,
,,,,,,TDMS_track_defects,,,,,,False,,,,,,,,,,,,,,,,,,,,,,,,,,,,,,,,,,,,
,,,,,,TDMS_track_defects,,,,,,False,,,,,,,,,,,,,,,,,,,,,,,,,,,,,,,,,,,,
,,,,,,TDMS_track_defects,,,,,,False,,,,,,,,,,,,,,,,,,,,,,,,,,,,,,,,,,,,
,,,,,,TDMS_track_defects,,,,,,False,,,,,,,,,,,,,,,,,,,,,,,,,,,,,,,,,,,,
,,,,,,TDMS_track_defects,,,,,,False,,,,,,,,,,,,,,,,,,,,,,,,,,,,,,,,,,,,
,,,,,,TDMS_track_defects,,,,,,False,,,,,,,,,,,,,,,,,,,,,,,,,,,,,,,,,,,,
,,,,,,TDMS_track_defects,,,,,,False,,,,,,,,,,,,,,,,,,,,,,,,,,,,,,,,,,,,
,,,,,,TDMS_track_defects,,,,,,False,,,,,,,,,,,,,,,,,,,,,,,,,,,,,,,,,,,,
,,,,,,TDMS_track_defects,,,,,,False,,,,,,,,,,,,,,,,,,,,,,,,,,,,,,,,,,,,
,,,,,,TDMS_track_defects,,,,,,False,,,,,,,,,,,,,,,,,,,,,,,,,,,,,,,,,,,,
,,,,,,TDMS_track_defects,,,,,,False,,,,,,,,,,,,,,,,,,,,,,,,,,,,,,,,,,,,
,,,,,,TDMS_track_defects,,,,,,False,,,,,,,,,,,,,,,,,,,,,,,,,,,,,,,,,,,,
,,,,,,TDMS_track_defects,,,,,,False,,,,,,,,,,,,,,,,,,,,,,,,,,,,,,,,,,,,
,,,,,,TDMS_track_defects,,,,,,False,,,,,,,,,,,,,,,,,,,,,,,,,,,,,,,,,,,,
,,,,,,TDMS_track_defects,,,,,,False,,,,,,,,,,,,,,,,,,,,,,,,,,,,,,,,,,,,
,,,,,,TDMS_track_defects,,,,,,False,,,,,,,,,,,,,,,,,,,,,,,,,,,,,,,,,,,,
,,,,,,TDMS_track_defects,,,,,,False,,,,,,,,,,,,,,,,,,,,,,,,,,,,,,,,,,,,
,,,,,,TDMS_track_defects,,,,,,False,,,,,,,,,,,,,,,,,,,,,,,,,,,,,,,,,,,,
,,,,,,TDMS_track_defects,,,,,,False,,,,,,,,,,,,,,,,,,,,,,,,,,,,,,,,,,,,
,,,,,,TDMS_track_defects,,,,,,False,,,,,,,,,,,,,,,,,,,,,,,,,,,,,,,,,,,,
,,,,,,TDMS_track_defects,,,,,,False,,,,,,,,,,,,,,,,,,,,,,,,,,,,,,,,,,,,
,,,,,,TDMS_track_defects,,,,,,False,,,,,,,,,,,,,,,,,,,,,,,,,,,,,,,,,,,,
,,,,,,TDMS_track_defects,,,,,,False,,,,,,,,,,,,,,,,,,,,,,,,,,,,,,,,,,,,
,,,,,,TDMS_track_defects,,,,,,False,,,,,,,,,,,,,,,,,,,,,,,,,,,,,,,,,,,,
,,,,,,TDMS_track_defects,,,,,,False,,,,,,,,,,,,,,,,,,,,,,,,,,,,,,,,,,,,
,,,,,,TDMS_track_defects,,,,,,False,,,,,,,,,,,,,,,,,,,,,,,,,,,,,,,,,,,,
,,,,,,TDMS_track_defects,,,,,,False,,,,,,,,,,,,,,,,,,,,,,,,,,,,,,,,,,,,
,,,,,,TDMS_track_defects,,,,,,False,,,,,,,,,,,,,,,,,,,,,,,,,,,,,,,,,,,,
,,,,,,TDMS_track_defects,,,,,,False,,,,,,,,,,,,,,,,,,,,,,,,,,,,,,,,,,,,
,,,,,,TDMS_work_orders,,,,,,,WO-001,DEF-001,Track Renewal,Urgent,In Progress,2026-08-02,2026-08-05,,,,,,,,,,,,,,,,,,,,,,,,,,,,,
,,,,,,TDMS_work_orders,,,,,,,WO-002,DEF-002,Routine Maintenance,Low,Completed,2026-08-06,2026-08-10,,,,,,,,,,,,,,,,,,,,,,,,,,,,,
,,,,,,TDMS_work_orders,,,,,,,WO-003,DEF-003,Ballast Cleaning,Medium,Pending,2026-08-11,2026-08-20,,,,,,,,,,,,,,,,,,,,,,,,,,,,,
,,,,,,TDMS_work_orders,,,,,,,WO-004,DEF-006,Weld Repair,Urgent,Pending,2026-08-15,2026-08-17,,,,,,,,,,,,,,,,,,,,,,,,,,,,,
,,,,,,TDMS_work_orders,,,,,,,WO-005,DEF-008,Sleeper Replacement,High,Pending,2026-08-17,2026-08-22,,,,,,,,,,,,,,,,,,,,,,,,,,,,,
,,,,,,TDMS_work_orders,,,,,,,WO-006,DEF-010,Rail Replacement,Urgent,Pending,2026-08-18,2026-08-20,,,,,,,,,,,,,,,,,,,,,,,,,,,,,
,,,,,,TDMS_work_orders,,,,,,,WO-007,DEF-013,Sleeper Replacement,High,Pending,2026-08-20,2026-08-25,,,,,,,,,,,,,,,,,,,,,,,,,,,,,
,,,,,,TDMS_work_orders,,,,,,,WO-008,DEF-014,Weld Repair,Urgent,Pending,2026-08-21,2026-08-23,,,,,,,,,,,,,,,,,,,,,,,,,,,,,
,,,,,,TDMS_work_orders,,,,,,,WO-009,DEF-018,Rail Replacement,Urgent,Pending,2026-08-23,2026-08-25,,,,,,,,,,,,,,,,,,,,,,,,,,,,,
,,,,,,TDMS_work_orders,,,,,,,WO-010,DEF-005,Routine Maintenance,Low,Pending,2026-08-13,2026-08-28,,,,,,,,,,,,,,,,,,,,,,,,,,,,,
,,,,,,TDMS_work_orders,,,,,,,WO-011,DEF-007,Ballast Cleaning,Medium,Pending,2026-08-16,2026-08-26,,,,,,,,,,,,,,,,,,,,,,,,,,,,,
,,,,,,TDMS_work_orders,,,,,,,WO-012,DEF-012,Ballast Replenishment,Medium,Pending,2026-08-20,2026-08-30,,,,,,,,,,,,,,,,,,,,,,,,,,,,,
,,,,,,TDMS_work_orders,,,,,,,WO-013,DEF-017,Ballast Cleaning,Medium,Pending,2026-08-23,2026-09-02,,,,,,,,,,,,,,,,,,,,,,,,,,,,,
,,,,,,SMMS_maintenance_requests,,,,,,,,,,High,,,,REQ-SR-001,SEC-MAS-CBE,Track,Track renewal required near Arakkonam,Inspector A,2026-08-20,Open,Eng Team 1,2026-08-25,,Material requested,500000.0,Pending,TDMS,SEC-MAS-CBE,30.0,4.0,8.0,False,False,0.53,True,,,,,,,
,,,,,,SMMS_maintenance_requests,,,,,,,,,,Critical,,,,REQ-SR-002,SEC-MAS-MDU,Signal,Signal failure at Villupuram,Inspector B,2026-08-22,In Progress,Signal Team,2026-08-23,,Work ongoing,25000.0,Approved,TDMS,SEC-MDU-TVC,210.0,5.0,8.0,False,True,0.63,True,,,,,,,
,,,,,,SMMS_maintenance_requests,,,,,,,,,,High,,,,MR-2026-003,Track-101,Track,Minor crack detected,Insp-01,2026-08-01,Completed,Team A,2026-08-02,2026-08-03,Fixed,15000.0,Approved,SMMS,SEC-MAS-MDU,180.0,4.0,0.0,False,True,0.4,True,,,,,,,
,,,,,,SMMS_maintenance_requests,,,,,,,,,,High,,,,MR-2026-004,Signal-05,Signal,Signal failure,Station Master,2026-08-02,Completed,Team B,2026-08-02,2026-08-02,Repaired,5000.0,Approved,ENGG,SEC-SA-TPJ,120.0,4.0,0.0,False,False,0.4,True,,,,,,,
,,,,,,SMMS_maintenance_requests,,,,,,,,,,Medium,,,,MR-2026-005,Bridge-12,Bridge,Water logging,Loco Pilot,2026-08-03,Completed,Team C,2026-08-04,2026-08-05,Cleared,12000.0,Approved,ENGG,SEC-MAS-MDU,150.0,3.0,0.0,False,False,0.3,True,,,,,,,
,,,,,,SMMS_maintenance_requests,,,,,,,,,,Low,,,,MR-2026-006,Station-02,Station,Platform repair,Station Master,2026-08-04,Completed,Team A,2026-08-05,2026-08-07,Fixed,25000.0,Approved,ENGG,SEC-MDU-TVC,240.0,2.0,0.0,True,True,0.2,True,,,,,,,
,,,,,,SMMS_maintenance_requests,,,,,,,,,,High,,,,MR-2026-007,OHE-101,Overhead Equipment,OHE wire snap,Loco Pilot,2026-08-05,Completed,Team B,2026-08-05,2026-08-06,Repaired,45000.0,Approved,ENGG,SEC-MAS-MDU,60.0,4.0,0.0,True,True,0.4,True,,,,,,,
,,,,,,SMMS_maintenance_requests,,,,,,,,,,Medium,,,,MR-2026-008,Track-102,Track,Ballast settlement,Insp-02,2026-08-06,Completed,Team C,2026-08-07,2026-08-08,Fixed,18000.0,Approved,TDMS,SEC-MAS-CBE,210.0,3.0,0.0,False,True,0.3,True,,,,,,,
,,,,,,SMMS_maintenance_requests,,,,,,,,,,High,,,,MR-2026-009,Signal-06,Signal,Point failure,Station Master,2026-08-07,Completed,Team A,2026-08-07,2026-08-07,Repaired,8000.0,Approved,ENGG,SEC-MAS-MDU,120.0,4.0,0.0,False,True,0.4,True,,,,,,,
,,,,,,SMMS_maintenance_requests,,,,,,,,,,Low,,,,MR-2026-010,Bridge-13,Bridge,Minor cracks,Insp-01,2026-08-08,In Progress,Team B,2026-08-10,,Pending parts,30000.0,Approved,ENGG,SEC-MAS-CBE,150.0,2.0,8.0,True,False,0.33,True,,,,,,,
,,,,,,SMMS_maintenance_requests,,,,,,,,,,Medium,,,,MR-2026-011,Station-03,Station,Roof leak,Station Master,2026-08-09,Completed,Team C,2026-08-10,2026-08-11,Fixed,15000.0,Approved,SMMS,SEC-MDU-TVC,240.0,3.0,0.0,True,True,0.3,True,,,,,,,
,,,,,,SMMS_maintenance_requests,,,,,,,,,,High,,,,MR-2026-012,OHE-102,Overhead Equipment,Insulator flashover,Loco Pilot,2026-08-10,Completed,Team A,2026-08-10,2026-08-11,Repaired,20000.0,Approved,SMMS,SEC-MAS-AJJ,240.0,4.0,0.0,False,True,0.4,True,,,,,,,
,,,,,,SMMS_maintenance_requests,,,,,,,,,,High,,,,MR-2026-013,Track-103,Track,Rail fracture,Insp-02,2026-08-11,Completed,Team B,2026-08-11,2026-08-12,Fixed,25000.0,Approved,ENGG,SEC-SA-TPJ,120.0,4.0,0.0,False,True,0.4,True,,,,,,,
,,,,,,SMMS_maintenance_requests,,,,,,,,,,High,,,,MR-2026-014,Signal-07,Signal,Track circuit failure,Station Master,2026-08-12,Completed,Team C,2026-08-12,2026-08-12,Repaired,10000.0,Approved,ENGG,SEC-SA-TPJ,240.0,4.0,0.0,False,False,0.4,True,,,,,,,
,,,,,,SMMS_maintenance_requests,,,,,,,,,,Low,,,,MR-2026-015,Bridge-14,Bridge,Painting required,Insp-01,2026-08-13,Open,Team A,2026-08-20,,Scheduled,50000.0,Approved,TDMS,SEC-MAS-MDU,90.0,2.0,4.0,True,False,0.27,True,,,,,,,
,,,,,,SMMS_maintenance_requests,,,,,,,,,,Medium,,,,MR-2026-016,Station-04,Station,Water supply issue,Station Master,2026-08-14,Completed,Team B,2026-08-15,2026-08-16,Fixed,12000.0,Approved,TDMS,SEC-SA-TPJ,90.0,3.0,0.0,True,False,0.3,True,,,,,,,
,,,,,,SMMS_maintenance_requests,,,,,,,,,,High,,,,MR-2026-017,OHE-103,Overhead Equipment,Pantograph entanglement,Loco Pilot,2026-08-15,Completed,Team C,2026-08-15,2026-08-16,Repaired,35000.0,Approved,SMMS,SEC-MAS-AJJ,240.0,4.0,0.0,False,False,0.4,True,,,,,,,
,,,,,,SMMS_maintenance_requests,,,,,,,,,,High,,,,MR-2026-018,Track-104,Track,Weld failure,Insp-02,2026-08-16,Completed,Team A,2026-08-16,2026-08-17,Fixed,20000.0,Approved,ENGG,SEC-MDU-TVC,90.0,4.0,0.0,False,False,0.4,True,,,,,,,
,,,,,,SMMS_maintenance_requests,,,,,,,,,,High,,,,MR-2026-019,Signal-08,Signal,Signal failure,Station Master,2026-08-17,Completed,Team B,2026-08-17,2026-08-17,Repaired,5000.0,Approved,SMMS,SEC-MAS-MDU,210.0,4.0,0.0,False,True,0.4,True,,,,,,,
,,,,,,SMMS_maintenance_requests,,,,,,,,,,Medium,,,,MR-2026-020,Bridge-15,Bridge,Water logging,Loco Pilot,2026-08-18,Completed,Team C,2026-08-19,2026-08-20,Cleared,12000.0,Approved,TDMS,SEC-MAS-CBE,240.0,3.0,0.0,True,True,0.3,True,,,,,,,
,,,,,,SMMS_maintenance_requests,,,,,,,,,,Low,,,,MR-2026-021,Station-05,Station,Platform repair,Station Master,2026-08-19,In Progress,Team A,2026-08-20,,Ongoing,25000.0,Approved,ENGG,SEC-MAS-MDU,150.0,2.0,10.0,False,True,0.37,True,,,,,,,
,,,,,,SMMS_maintenance_requests,,,,,,,,,,High,,,,MR-2026-022,OHE-104,Overhead Equipment,OHE wire snap,Loco Pilot,2026-08-20,Completed,Team B,2026-08-20,2026-08-21,Repaired,45000.0,Approved,ENGG,SEC-MDU-TVC,180.0,4.0,0.0,True,False,0.4,True,,,,,,,
,,,,,,SMMS_maintenance_requests,,,,,,,,,,Medium,,,,MR-2026-023,Track-105,Track,Ballast settlement,Insp-01,2026-08-21,Completed,Team C,2026-08-22,2026-08-23,Fixed,18000.0,Approved,TDMS,SEC-SA-TPJ,30.0,3.0,0.0,False,True,0.3,True,,,,,,,
,,,,,,SMMS_maintenance_requests,,,,,,,,,,High,,,,MR-2026-024,Signal-09,Signal,Point failure,Station Master,2026-08-22,Completed,Team A,2026-08-22,2026-08-22,Repaired,8000.0,Approved,TDMS,SEC-SA-TPJ,90.0,4.0,0.0,False,False,0.4,True,,,,,,,
,,,,,,SMMS_maintenance_requests,,,,,,,,,,Low,,,,MR-2026-025,Bridge-16,Bridge,Minor cracks,Insp-02,2026-08-23,Open,Team B,2026-08-25,,Scheduled,30000.0,Approved,SMMS,SEC-MAS-MDU,90.0,2.0,7.0,False,False,0.32,True,,,,,,,
,,,,,,SMMS_maintenance_requests,,,,,,,,,,Medium,,,,MR-2026-026,Station-06,Station,Roof leak,Station Master,2026-08-24,Open,Team C,2026-08-26,,Scheduled,15000.0,Approved,TDMS,SEC-MAS-CBE,60.0,3.0,14.0,True,True,0.53,True,,,,,,,
,,,,,,SMMS_maintenance_requests,,,,,,,,,,High,,,,MR-2026-027,OHE-105,Overhead Equipment,Insulator flashover,Loco Pilot,2026-08-25,Open,Team A,2026-08-25,,Scheduled,20000.0,Approved,SMMS,SEC-MDU-TVC,180.0,4.0,6.0,True,True,0.5,True,,,,,,,
,,,,,,SMMS_maintenance_requests,,,,,,,,,,High,,,,MR-2026-028,Track-106,Track,Rail fracture,Insp-01,2026-08-26,Open,Team B,2026-08-26,,Scheduled,25000.0,Approved,SMMS,SEC-MAS-AJJ,210.0,4.0,13.0,False,False,0.62,True,,,,,,,
,,,,,,SMMS_maintenance_requests,,,,,,,,,,High,,,,MR-2026-029,Signal-10,Signal,Track circuit failure,Station Master,2026-08-27,Open,Team C,2026-08-27,,Scheduled,10000.0,Approved,TDMS,SEC-MDU-TVC,30.0,4.0,7.0,True,False,0.52,True,,,,,,,
,,,,,,SMMS_maintenance_requests,,,,,,,,,,Low,,,,MR-2026-030,Bridge-17,Bridge,Painting required,Insp-02,2026-08-28,Open,Team A,2026-09-05,,Scheduled,50000.0,Approved,TDMS,SEC-MAS-MDU,120.0,2.0,8.0,False,True,0.33,True,,,,,,,
,,,,,,SMMS_maintenance_requests,,,,,,,,,,Medium,,,,MR-2026-031,Station-07,Station,Water supply issue,Station Master,2026-08-29,Open,Team B,2026-08-30,,Scheduled,12000.0,Approved,TDMS,SEC-MAS-MDU,180.0,3.0,4.0,True,False,0.37,True,,,,,,,
,,,,,,SMMS_maintenance_requests,,,,,,,,,,High,,,,MR-2026-032,OHE-106,Overhead Equipment,Pantograph entanglement,Loco Pilot,2026-08-30,Open,Team C,2026-08-30,,Scheduled,35000.0,Approved,ENGG,SEC-SA-TPJ,90.0,4.0,8.0,False,False,0.53,True,,,,,,,
,,,,,,SMMS_maintenance_requests,,,,,,,,,,High,,,,MR-2026-033,Track-107,Track,Weld failure,Insp-01,2026-08-31,Open,Team A,2026-08-31,,Scheduled,20000.0,Approved,ENGG,SEC-MAS-AJJ,60.0,4.0,2.0,False,True,0.43,True,,,,,,,
,,,,,,SMMS_maintenance_requests,,,,,,,,,,High,,,,MR-2026-034,Signal-11,Signal,Signal failure,Station Master,2026-09-01,Open,Team B,2026-09-01,,Scheduled,5000.0,Approved,SMMS,SEC-MDU-TVC,30.0,4.0,4.0,True,False,0.47,True,,,,,,,
,,,,,,SMMS_maintenance_requests,,,,,,,,,,Medium,,,,MR-2026-035,Bridge-18,Bridge,Water logging,Loco Pilot,2026-09-02,Open,Team C,2026-09-03,,Scheduled,12000.0,Approved,ENGG,SEC-MAS-CBE,60.0,3.0,12.0,True,False,0.5,True,,,,,,,
,,,,,,SMMS_maintenance_requests,,,,,,,,,,Low,,,,MR-2026-036,Station-08,Station,Platform repair,Station Master,2026-09-03,Open,Team A,2026-09-05,,Scheduled,25000.0,Approved,ENGG,SEC-MAS-AJJ,120.0,2.0,12.0,True,False,0.4,True,,,,,,,
,,,,,,SMMS_maintenance_requests,,,,,,,,,,High,,,,MR-2026-037,OHE-107,Overhead Equipment,OHE wire snap,Loco Pilot,2026-09-04,Open,Team B,2026-09-04,,Scheduled,45000.0,Approved,ENGG,SEC-MAS-MDU,30.0,4.0,14.0,True,False,0.63,True,,,,,,,
,,,,,,SMMS_maintenance_requests,,,,,,,,,,Medium,,,,MR-2026-038,Track-108,Track,Ballast settlement,Insp-02,2026-09-05,Open,Team C,2026-09-06,,Scheduled,18000.0,Approved,TDMS,SEC-MAS-MDU,60.0,3.0,10.0,True,False,0.47,True,,,,,,,
,,,,,,SMMS_maintenance_requests,,,,,,,,,,High,,,,MR-2026-039,Signal-12,Signal,Point failure,Station Master,2026-09-06,Open,Team A,2026-09-06,,Scheduled,8000.0,Approved,SMMS,SEC-MDU-TVC,30.0,4.0,9.0,True,True,0.55,True,,,,,,,
,,,,,,SMMS_maintenance_requests,,,,,,,,,,Low,,,,MR-2026-040,Bridge-19,Bridge,Minor cracks,Insp-01,2026-09-07,Open,Team B,2026-09-10,,Scheduled,30000.0,Approved,TDMS,SEC-MAS-AJJ,90.0,2.0,2.0,False,False,0.23,True,,,,,,,
,,,,,,SMMS_maintenance_requests,,,,,,,,,,Medium,,,,MR-2026-041,Station-09,Station,Roof leak,Station Master,2026-09-08,Open,Team C,2026-09-10,,Scheduled,15000.0,Approved,SMMS,SEC-MAS-AJJ,90.0,3.0,10.0,True,False,0.47,True,,,,,,,
,,,,,,SMMS_maintenance_requests,,,,,,,,,,High,,,,MR-2026-042,OHE-108,Overhead Equipment,Insulator flashover,Loco Pilot,2026-09-09,Open,Team A,2026-09-09,,Scheduled,20000.0,Approved,ENGG,SEC-SA-TPJ,180.0,4.0,11.0,True,True,0.58,True,,,,,,,
,,,,,,SMMS_maintenance_requests,,,,,,,,,,High,,,,MR-2026-043,Track-109,Track,Rail fracture,Insp-02,2026-09-10,Open,Team B,2026-09-10,,Scheduled,25000.0,Approved,ENGG,SEC-MAS-CBE,90.0,4.0,6.0,True,True,0.5,True,,,,,,,
,,,,,,SMMS_maintenance_requests,,,,,,,,,,High,,,,MR-2026-044,Signal-13,Signal,Track circuit failure,Station Master,2026-09-11,Open,Team C,2026-09-11,,Scheduled,10000.0,Approved,SMMS,SEC-MAS-CBE,150.0,4.0,4.0,False,True,0.47,True,,,,,,,
,,,,,,SMMS_maintenance_requests,,,,,,,,,,Low,,,,MR-2026-045,Bridge-20,Bridge,Painting required,Insp-01,2026-09-12,Open,Team A,2026-09-20,,Scheduled,50000.0,Approved,TDMS,SEC-MAS-CBE,240.0,2.0,9.0,False,False,0.35,True,,,,,,,
,,,,,,SMMS_maintenance_requests,,,,,,,,,,Medium,,,,MR-2026-046,Station-10,Station,Water supply issue,Station Master,2026-09-13,Open,Team B,2026-09-15,,Scheduled,12000.0,Approved,TDMS,SEC-MDU-TVC,240.0,3.0,5.0,True,True,0.38,True,,,,,,,
,,,,,,SMMS_maintenance_requests,,,,,,,,,,High,,,,MR-2026-047,OHE-109,Overhead Equipment,Pantograph entanglement,Loco Pilot,2026-09-14,Open,Team C,2026-09-14,,Scheduled,35000.0,Approved,SMMS,SEC-MAS-CBE,240.0,4.0,10.0,True,True,0.57,True,,,,,,,
,,,,,,SMMS_maintenance_requests,,,,,,,,,,High,,,,MR-2026-048,Track-110,Track,Weld failure,Insp-02,2026-09-15,Open,Team A,2026-09-15,,Scheduled,20000.0,Approved,SMMS,SEC-MDU-TVC,150.0,4.0,10.0,False,False,0.57,True,,,,,,,
,,,,,,SMMS_maintenance_requests,,,,,,,,,,High,,,,MR-2026-049,Signal-14,Signal,Signal failure,Station Master,2026-09-16,Open,Team B,2026-09-16,,Scheduled,5000.0,Approved,ENGG,SEC-MAS-AJJ,210.0,4.0,12.0,True,False,0.6,True,,,,,,,
,,,,,,SMMS_maintenance_requests,,,,,,,,,,Medium,,,,MR-2026-050,Bridge-21,Bridge,Water logging,Loco Pilot,2026-09-17,Open,Team C,2026-09-18,,Scheduled,12000.0,Approved,SMMS,SEC-MAS-AJJ,120.0,3.0,8.0,False,False,0.43,True,,,,,,,
,,,,,,SMMS_track_machines,,,,,,,,,,,,,,,,,,,,Active,,,,,,,,,,,,,,,,MACH-001,Tamping Machine,,,,,
,,,,,,SMMS_track_machines,,,,,,,,,,,,,,,,,,,,Under Maintenance,,,,,,,,,,,,,,,,MACH-002,Ballast Cleaning Machine,,,,,
,,,,,,SMMS_track_machines,,,,,,,,,,,,,,,,,,,,Active,,,,,,,,,,,,,,,,MACH-003,Track Relaying Train,,,,,
,,,,,,SMMS_track_machines,,,,,,,,,,,,,,,,,,,,Active,,,,,,,,,,,,,,,,MACH-004,Dynamic Track Stabilizer,,,,,
,,,,,,SMMS_track_machines,,,,,,,,,,,,,,,,,,,,Active,,,,,,,,,,,,,,,,MACH-005,Rail Grinding Machine,,,,,
,,,,,,SMMS_track_machines,,,,,,,,,,,,,,,,,,,,Under Maintenance,,,,,,,,,,,,,,,,MACH-006,Track Relaying Train 2,,,,,
,,,,,,SMMS_track_machines,,,,,,,,,,,,,,,,,,,,Active,,,,,,,,,,,,,,,,MACH-007,Ballast Profiling Machine,,,,,
,,,,,,SMMS_track_machines,,,,,,,,,,,,,,,,,,,,Active,,,,,,,,,,,,,,,,MACH-008,Tamping Machine 2,,,,,
,,,,,,SMMS_machine_deployment,,,,,,,,,,,,,,,,,,,,,,,,,,,,,,,,,,,,,,DEP-001,WO-001,MACH-001,8.5,2026-08-03
,,,,,,SMMS_machine_deployment,,,,,,,,,,,,,,,,,,,,,,,,,,,,,,,,,,,,,,DEP-002,WO-003,MACH-003,12.0,2026-08-15
,,,,,,SMMS_machine_deployment,,,,,,,,,,,,,,,,,,,,,,,,,,,,,,,,,,,,,,DEP-003,WO-004,MACH-005,6.0,2026-08-16
,,,,,,SMMS_machine_deployment,,,,,,,,,,,,,,,,,,,,,,,,,,,,,,,,,,,,,,DEP-004,WO-005,MACH-003,14.0,2026-08-18
,,,,,,SMMS_machine_deployment,,,,,,,,,,,,,,,,,,,,,,,,,,,,,,,,,,,,,,DEP-005,WO-006,MACH-003,10.0,2026-08-19
,,,,,,SMMS_machine_deployment,,,,,,,,,,,,,,,,,,,,,,,,,,,,,,,,,,,,,,DEP-006,WO-007,MACH-003,16.0,2026-08-21
,,,,,,SMMS_machine_deployment,,,,,,,,,,,,,,,,,,,,,,,,,,,,,,,,,,,,,,DEP-007,WO-008,MACH-005,8.0,2026-08-22
,,,,,,SMMS_machine_deployment,,,,,,,,,,,,,,,,,,,,,,,,,,,,,,,,,,,,,,DEP-008,WO-009,MACH-003,12.0,2026-08-24
,,,,,,SMMS_machine_deployment,,,,,,,,,,,,,,,,,,,,,,,,,,,,,,,,,,,,,,DEP-009,WO-011,MACH-002,20.0,2026-08-17
,,,,,,SMMS_machine_deployment,,,,,,,,,,,,,,,,,,,,,,,,,,,,,,,,,,,,,,DEP-010,WO-012,MACH-007,15.0,2026-08-21
,,,,,,SMMS_machine_deployment,,,,,,,,,,,,,,,,,,,,,,,,,,,,,,,,,,,,,,DEP-011,WO-013,MACH-002,18.0,2026-08-24
,,,,,,SMMS_machine_deployment,,,,,,,,,,,,,,,,,,,,,,,,,,,,,,,,,,,,,,DEP-012,WO-010,MACH-004,5.0,2026-08-15
